MOP,language,text,length,rating_list,mean_rating,text_clean,mean_check,unigram_logprob,bigram_logprob,trigram_logprob
MOP2,en,"We've still got the Dower House , and Lincolnshire is lovely in May . ’",12,"[4, 4, 4, 4, 4, 4, 4, 4, 4, 4, 4, 4, 4]",4.0,"we've still got the dower house , and lincolnshire is lovely in may . ’",4.0,-34.2073,-36.1444,-35.6599
MOP2,en,My first real friend was probably a boy called Adam .,10,"[4, 4, 4, 4, 4, 4, 4, 4, 4, 4]",4.0,my first real friend was probably a boy called adam .,4.0,-30.9887,-30.7903,-30.741
MOP2,en,She was wearing denim overalls and carrying a bucket and brush .,11,"[4, 4, 4, 4, 4, 4, 4, 4, 4, 4, 4, 4]",4.0,she was wearing denim overalls and carrying a bucket and brush .,4.0,-35.9848,-29.5909,-29.71
MOP2,en,In the next year he had custody of Rochester Castle .,10,"[4, 4, 4, 4, 4, 4, 4, 4, 4, 4, 4, 1, 4, 4, 4, 4]",3.8125,in the next year he had custody of rochester castle .,3.8125,-29.6515,-24.912,-24.7314
MOP2,en,BOOKING is essential for a cycle ride around Wirral Country Park on Sunday when the leader will be Cheshire ranger Barry Jackson .,22,"[4, 4, 4, 4, 4, 4, 1, 4, 1, 1, 4, 4, 1]",3.07692307692,booking is essential for a cycle ride around wirral country park on sunday when the leader will be cheshire ranger barry jackson .,3.076923076923077,-49.7559,-42.409,-42.5018
MOP2,en,This expression is called the fundamental theorem of Riemannian geometry .,10,"[4, 4, 4, 4, 4, 4, 4, 4, 4, 4, 4, 4, 4, 4, 4]",4.0,this expression is called the fundamental theorem of riemannian geometry .,4.0,-32.0894,-29.4763,-29.3317
MOP2,en,"Greg Hocking was one of those rare people who drift into teaching and find themselves , to their own surprise , absolutely cut out for the job .",25,"[4, 4, 4, 4, 4, 4, 4, 4, 4, 4, 4, 4, 4]",4.0,"greg hocking was one of those rare people who drift into teaching and find themselves , to their own surprise , absolutely cut out for the job .",4.0,-81.0675,-70.7547,-68.4099
MOP2,en,On appointment to office a new minister will take over responsibility for many departmental policies .,15,"[1, 4, 4, 4, 4, 1, 4, 4, 1, 4, 4, 4, 4, 4, 4]",3.4,on appointment to office a new minister will take over responsibility for many departmental policies .,3.4,-53.2021,-48.7309,-49.1573
MOP2,en,"When Rhun in his kindness lent an arm to raise him from his knees , he hung heavily still , clinging to his desperate humility .",23,"[4, 4, 4, 4, 4, 4, 1, 4, 4, 4, 4, 4]",3.75,"when rhun in his kindness lent an arm to raise him from his knees , he hung heavily still , clinging to his desperate humility .",3.75,-76.0184,-69.7275,-68.5605
MOP2,en,Figure shows how the A-measure per unit area varies with radiometer reading .,12,"[4, 4, 4, 4, 4, 4, 4, 4, 4, 4, 1, 4]",3.75,figure shows how the a-measure per unit area varies with radiometer reading .,3.75,-37.9792,-32.4959,-32.6602
MOP2,en,In some pubs fake hand pumps serve gassy beer .,9,"[1, 4, 4, 4, 4, 4, 4, 4, 1, 4, 1, 4, 1, 4, 1, 4]",3.0625,in some pubs fake hand pumps serve gassy beer .,3.0625,-36.1872,-36.0704,-35.8465
MOP2,en,Preliminary work began last September following the appointment of two countryside officers who are employed full time on the project .,20,"[4, 4, 4, 4, 4, 4, 1, 4, 4, 4, 4, 4, 4, 4]",3.78571428571,preliminary work began last september following the appointment of two countryside officers who are employed full time on the project .,3.7857142857142856,-65.8608,-60.6819,-61.6198
MOP2,en,"This is , of course , only a tendency , and the move away from local policemen to larger , centralised policing may reduce this effect .",22,"[4, 4, 1, 1, 4, 4, 4, 4, 4, 4, 1, 4, 4, 4, 4, 4]",3.4375,"this is , of course , only a tendency , and the move away from local policemen to larger , centralised policing may reduce this effect .",3.4375,-63.4169,-60.5819,-57.6096
MOP2,en,Tod features another kind of dream in which he is a woman .,12,"[4, 1, 1, 4, 1, 4, 4, 4, 4, 4, 1, 4]",3.0,tod features another kind of dream in which he is a woman .,3.0,-33.81,-26.1994,-26.075
MOP2,en,Valuable coaching can often come from drama school tutors who can give a fair assessment of the possibilities you may have prior to auditioning .,24,"[4, 4, 4, 4, 4, 4, 4, 4, 4, 4, 4, 4, 4, 4, 4, 4, 4]",4.0,valuable coaching can often come from drama school tutors who can give a fair assessment of the possibilities you may have prior to auditioning .,4.0,-74.6983,-63.1837,-63.463
MOP2,en,"Because simulated annealing is a stochastic algorithm , different runs of probeorder will not necessarily produce the same output probe order .",20,"[1, 1, 1, 1, 4, 4, 4, 4, 1, 4, 4, 4, 1, 4, 1, 1]",2.5,"because simulated annealing is a stochastic algorithm , different runs of probeorder will not necessarily produce the same output probe order .",2.5,-64.8154,-61.6544,-62.4487
MOP2,en,"Although the music was animated , only the arms moved .",9,"[4, 4, 1, 4, 4, 1, 4, 4, 4, 4, 4, 4, 4, 1]",3.35714285714,"although the music was animated , only the arms moved .",3.357142857142857,-27.3651,-28.5336,-28.2315
MOP2,en,"But the report also blasts authority bosses for failing to control the activities of 58-year-old Mr Watney , who took early retirement last year .",23,"[4, 4, 4, 4, 4, 4, 4, 4, 4, 4, 4, 4, 4, 1, 1]",3.6,"but the report also blasts authority bosses for failing to control the activities of 58-year-old mr watney , who took early retirement last year .",3.6,-67.4752,-65.1015,-64.5075
MOP2,en,Some would of course reply personally ( he had included postage ) .,10,"[4, 4, 4, 4, 4, 1, 4, 4, 4, 4, 4, 4, 4, 4, 4, 4]",3.8125,some would of course reply personally ( he had included postage ) .,3.8125,-36.4098,-35.3201,-35.866
MOP2,en,"Police are appealing for witnesses to the incident , which happened at 11am on Monday in Windsor Street , Toxteth .",18,"[4, 1, 4, 4, 4, 4, 4, 4, 4, 4, 4]",3.72727272727,"police are appealing for witnesses to the incident , which happened at 11am on monday in windsor street , toxteth .",3.727272727272727,-42.9707,-43.086,-42.5637
MOP2,en,The surface need not be perfectly flat or smooth .,9,"[4, 4, 4, 4, 4, 4, 4, 1, 4, 4, 4, 4, 4, 4, 4]",3.8,the surface need not be perfectly flat or smooth .,3.8,-31.9654,-28.5577,-27.5519
MOP2,en,"There are 5,733 empty council houses , almost 2,000 of which have been empty for more than a year .",18,"[4, 4, 4, 4, 4, 4, 4, 4, 4, 4, 4, 4, 4, 4, 4, 4, 4]",4.0,"there are 5,733 empty council houses , almost 2,000 of which have been empty for more than a year .",4.0,-54.4133,-48.4225,-48.0865
MOP2,en,Heath ( 3.3 ) sums up one influential and long-established tradition in the study of class differences in education .,17,"[4, 4, 4, 4, 4, 4, 4, 4, 4, 4, 4, 4, 4, 4]",4.0,heath ( 3.3 ) sums up one influential and long-established tradition in the study of class differences in education .,4.0,-62.2989,-56.5109,-55.5263
MOP2,en,And his price — his price can be of enormous use .,10,"[1, 4, 4, 4, 4, 4, 1, 4, 1, 1, 4, 4, 4, 4, 4]",3.2,and his price — his price can be of enormous use .,3.2,-31.4734,-30.7158,-31.3069
MOP2,en,"There was a significant improvement in the attendance of miners at the Mansfield clinic , however , since this was much closer to their homes .",23,"[4, 4, 4, 4, 4, 1, 4, 1, 4, 4, 1, 4, 1, 4, 4]",3.2,"there was a significant improvement in the attendance of miners at the mansfield clinic , however , since this was much closer to their homes .",3.2,-69.3573,-57.3017,-58.5803
MOP2,en,‘ Then maybe most of the faults were on my side .,10,"[4, 4, 4, 4, 4, 4, 4, 4, 4, 4, 4, 4, 4, 4, 4]",4.0,‘ then maybe most of the faults were on my side .,4.0,-32.5335,-28.492,-28.2467
MOP2,en,Gere and Basinger star in the erotic thriller Final Analysis which Warner Home Video will released into video libraries by October 18 .,22,"[1, 4, 4, 4, 1, 1, 4, 4, 4, 1, 4, 4]",3.0,gere and basinger star in the erotic thriller final analysis which warner home video will released into video libraries by october 18 .,3.0,-54.0999,-49.0383,-50.1439
MOP2,en,"Recently , concern has grown that Michelangelo's ceiling of the Sistine chapel in Rome has been irreparably altered by the Vatican conservation team .",22,"[4, 4, 4, 4, 4, 4, 4, 1, 4, 4, 4, 4, 4]",3.76923076923,"recently , concern has grown that michelangelo's ceiling of the sistine chapel in rome has been irreparably altered by the vatican conservation team .",3.769230769230769,-60.7045,-56.637,-56.7521
MOP2,en,Disillusion me and get my sympathy at the same time .,10,"[1, 4, 4, 4, 1, 4, 4, 4, 4, 4, 4, 4, 4, 4, 1]",3.4,disillusion me and get my sympathy at the same time .,3.4,-27.6549,-20.7549,-20.7456
MOP2,en,The horse shot out like an arrow from a bow . ’,10,"[4, 4, 4, 4, 4, 4, 4, 4, 4, 4, 4, 4, 4, 4, 4]",4.0,the horse shot out like an arrow from a bow . ’,4.0,-34.1866,-32.0204,-32.1372
MOP2,en,The British Horse Society is anxious to find out why a third of them should have happened in this year alone .,21,"[4, 4, 4, 4, 4, 4, 4, 4, 4, 4, 1, 4, 4]",3.76923076923,the british horse society is anxious to find out why a third of them should have happened in this year alone .,3.769230769230769,-60.9487,-50.3931,-49.6422
MOP2,en,"Made with Pertex fabrics and Quallofil 7 filling , the Kompakt Lite weights only 1.2kg and , in its stuff sack , reduces to 7l .",22,"[1, 4, 1, 4, 4, 4, 4, 4, 4, 1, 4, 4, 4, 4, 1, 1, 1]",2.94117647059,"made with pertex fabrics and quallofil 7 filling , the kompakt lite weights only 1.2kg and , in its stuff sack , reduces to 7l .",2.9411764705882355,-54.79,-55.9567,-55.2197
MOP2,en,"In exceptional circumstances , your Head of Department will not apply the withdrawal clause if there is a reasonable explanation for failure to notify .",23,"[4, 4, 4, 4, 4, 4, 4, 4, 4, 4, 4, 4, 4, 4, 1, 4]",3.8125,"in exceptional circumstances , your head of department will not apply the withdrawal clause if there is a reasonable explanation for failure to notify .",3.8125,-76.8189,-64.6838,-65.0925
MOP2,en,"‘ Goodness me , who on earth can that be ? ’",8,"[4, 4, 4, 4, 4, 4, 4, 4, 4, 4, 4, 4, 4, 4]",4.0,"‘ goodness me , who on earth can that be ? ’",4.0,-29.0363,-32.0837,-31.8859
MOP2,en,Small specimens are sometimes confused with Synodontis petricolor .,8,"[4, 4, 4, 4, 4, 4, 4, 4, 4, 4, 4, 4, 1, 4, 4]",3.8,small specimens are sometimes confused with synodontis petricolor .,3.8,-24.0441,-21.3225,-22.156
MOP2,en,"They called us out into the stadium too early and it was hot , very hot .",15,"[4, 4, 4, 4, 4, 4, 4, 4, 4, 4, 4, 4, 4, 4, 4, 4]",4.0,"they called us out into the stadium too early and it was hot , very hot .",4.0,-40.2609,-36.2349,-36.118
MOP2,en,"The review copy is a solid black , but the basic model comes oil-finished .",13,"[4, 4, 4, 4, 4, 4, 4, 4, 4, 4, 4, 4, 4, 4, 4]",4.0,"the review copy is a solid black , but the basic model comes oil-finished .",4.0,-39.6809,-37.98,-38.1861
MOP2,en,"In their bedroom something crashed to the floor , which immediately woke one of the twins who began to howl .",19,"[1, 4, 4, 4, 4, 1, 4, 4, 4, 4, 4, 4, 4, 4, 4]",3.6,"in their bedroom something crashed to the floor , which immediately woke one of the twins who began to howl .",3.6,-60.5459,-56.2341,-56.3472
MOP2,en,Wanting a man who was such a louse .,8,"[4, 1, 1, 4, 4, 4, 1, 1, 4, 4, 1, 4, 1]",2.61538461538,wanting a man who was such a louse .,2.6153846153846154,-27.4244,-22.7069,-22.7583
MOP2,en,This essential motion can not take place except in a liquid medium .,12,"[4, 4, 4, 4, 4, 4, 4, 4, 4, 1, 4, 4, 4, 4, 4]",3.8,this essential motion can not take place except in a liquid medium .,3.8,-41.9362,-39.6177,-39.111
MOP2,en,Upper Stowe was once called Butter Stowe because the London carrier collected butter here .,14,"[4, 1, 4, 4, 4, 4, 4, 1, 4, 4, 1, 4, 4, 4, 4]",3.4,upper stowe was once called butter stowe because the london carrier collected butter here .,3.4,-43.4898,-41.6929,-41.5518
MOP2,en,The induction of adhesion of particular T-cell subsets by specific cytokines would make the process of lymphocyte recruitment more flexible and selective .,22,"[4, 4, 4, 4, 4, 4, 4, 4, 1, 4, 4]",3.72727272727,the induction of adhesion of particular t-cell subsets by specific cytokines would make the process of lymphocyte recruitment more flexible and selective .,3.727272727272727,-60.3196,-56.6913,-56.5905
MOP2,en,‘ If I'd been in your shoes I'd have walked right out on him . ’,13,"[4, 4, 4, 4, 4, 4, 4, 4, 4, 4, 4, 4, 4, 4, 4]",4.0,‘ if i'd been in your shoes i'd have walked right out on him . ’,4.0,-34.8513,-31.9408,-31.8785
MOP2,en,"‘ But it was lost — walls were built over it , the paper had disintegrated . ’",13,"[4, 1, 4, 4, 4, 4, 4, 4, 4, 4, 4, 4]",3.75,"‘ but it was lost — walls were built over it , the paper had disintegrated . ’",3.75,-38.2392,-35.1603,-35.3947
MOP2,en,"You can visit the village — it has a pub , beach and a shop — then retrace your steps through the woods to reach the Saints' Way .",25,"[4, 4, 4, 4, 4, 4, 4, 4, 4, 4, 4, 4, 4]",4.0,"you can visit the village — it has a pub , beach and a shop — then retrace your steps through the woods to reach the saints' way .",4.0,-64.0536,-61.4651,-61.1861
MOP2,en,He's amongst the qualifiers for the Lancome trophy at Paris .,10,"[4, 4, 4, 4, 4, 4, 4, 4, 4, 4, 4, 4, 4, 4]",4.0,he's amongst the qualifiers for the lancome trophy at paris .,4.0,-19.8396,-17.6148,-17.7525
MOP2,en,"‘ Steal for you ? ’ he answered Laura's astonished protest , ‘ I'd do time .",11,"[4, 1, 4, 4, 4, 4, 4, 1, 1, 4, 4, 4, 1, 4, 4, 1]",3.0625,"‘ steal for you ? ’ he answered laura's astonished protest , ‘ i'd do time .",3.0625,-37.2859,-38.1964,-38.4618
MOP2,en,The previous maximum flue length for the 10.5kW and 18kW output boilers was three metres .,15,"[4, 4, 4, 4, 4, 4, 4, 4, 4, 4, 4, 4, 4, 1, 4]",3.8,the previous maximum flue length for the 10.5kw and 18kw output boilers was three metres .,3.8,-31.2906,-30.2512,-30.3296
MOP2,en,"Rising slowly like an automaton , she made her way over to the counter and picked up the receiver .",18,"[4, 4, 4, 4, 4, 4, 4, 4, 4, 4, 4, 4, 4]",4.0,"rising slowly like an automaton , she made her way over to the counter and picked up the receiver .",4.0,-54.1692,-45.6113,-43.755
MOP2,en,Has he really offered you the job back ?,8,"[4, 4, 4, 4, 4, 4, 4, 4, 4, 4, 4, 4, 4, 4, 4]",4.0,has he really offered you the job back ?,4.0,-27.3139,-29.0542,-31.9398
MOP2,en,"They were like cogs working together , fitting into place when and where they were needed .",15,"[4, 4, 4, 4, 4, 4, 4, 4, 4, 4, 4]",4.0,"they were like cogs working together , fitting into place when and where they were needed .",4.0,-49.1231,-45.808,-43.6373
MOP2,en,"Agnes , now fully dressed , went into the hall .",8,"[4, 4, 4, 4, 4, 4, 4, 4, 4, 4, 4, 4, 4, 4, 4]",4.0,"agnes , now fully dressed , went into the hall .",4.0,-26.8504,-23.1487,-21.8928
MOP2,en,"Supplement per person per night £135 for the first night , £105 each additional night ( minimum 2 persons ) .",15,"[4, 1, 4, 4, 4, 4, 4, 4, 4, 4, 4, 4]",3.75,"supplement per person per night £135 for the first night , £105 each additional night ( minimum 2 persons ) .",3.75,-55.359,-55.3906,-54.7259
MOP2,en,"You should obtain a Certificate of Posting , which is available free of charge at the counter .",16,"[4, 4, 4, 4, 4, 4, 4, 4, 4, 4, 4, 4, 4, 4, 4, 4]",4.0,"you should obtain a certificate of posting , which is available free of charge at the counter .",4.0,-44.9583,-42.3005,-41.4919
MOP2,en,The modernization and industrialization of nineteenth century Britain changed the population map .,12,"[4, 4, 4, 4, 4, 4, 4, 4, 4, 4, 4, 4, 4, 1, 4]",3.8,the modernization and industrialization of nineteenth century britain changed the population map .,3.8,-34.7491,-30.1857,-30.6277
MOP2,en,Pallister's rivals are : Steve Bruce ( Manchester United ) ; Stuart Pearce ( Nottingham Forest ; Paul McGrath ( Aston Villa ) ; Gary Lineker ( Spurs ) ; Ray Houghton ( Liverpool ) .,21,"[4, 4, 1, 4, 4, 4, 4, 4, 4, 1]",3.4,pallister's rivals are : steve bruce ( manchester united ) ; stuart pearce ( nottingham forest ; paul mcgrath ( aston villa ) ; gary lineker ( spurs ) ; ray houghton ( liverpool ) .,3.4,-67.9478,-65.2507,-63.1428
MOP2,en,‘ This shows the company didn't learn anything from this lesson .,10,"[4, 4, 4, 4, 4, 4, 4, 4, 4, 4, 4, 4, 4]",4.0,‘ this shows the company didn't learn anything from this lesson .,4.0,-35.3107,-31.9823,-32.3984
MOP2,en,"Here we have an uninterrupted view of the prospect , and what a glorious prospect it is , stretching far away for many miles on every hand .",25,"[1, 4, 4, 4, 4, 4, 4, 4, 1, 4, 1, 4, 4, 4, 4, 4]",3.4375,"here we have an uninterrupted view of the prospect , and what a glorious prospect it is , stretching far away for many miles on every hand .",3.4375,-79.2757,-68.6335,-68.3234
MOP2,en,"Two years before , two TA soldiers met at an Army open day .",12,"[4, 4, 1, 4, 4, 4, 4, 4, 4, 4, 1, 4, 4, 4]",3.57142857143,"two years before , two ta soldiers met at an army open day .",3.571428571428572,-36.6357,-34.5078,-33.9192
MOP2,en,Orthodox Judaism continues to teach an elaborate separation of the menstruating woman from contact with the men of her family .,20,"[4, 4, 4, 4, 4, 4, 4, 4, 4, 4, 4]",4.0,orthodox judaism continues to teach an elaborate separation of the menstruating woman from contact with the men of her family .,4.0,-58.0356,-48.4084,-49.05
MOP2,en,A recent architectural survey revealed problems at the 60-year-old Salutation Church in Salutation Road .,14,"[4, 4, 4, 4, 4, 4, 4, 4, 4, 4, 4, 4, 4]",4.0,a recent architectural survey revealed problems at the 60-year-old salutation church in salutation road .,4.0,-40.0382,-38.2761,-38.6282
MOP2,en,The fireplace in question was set into a huge thick wall that partly divided the main room .,17,"[1, 4, 4, 4, 4, 4, 4, 4, 1, 4, 4, 4, 4, 4, 4, 1, 4]",3.47058823529,the fireplace in question was set into a huge thick wall that partly divided the main room .,3.4705882352941178,-57.115,-53.2345,-52.4995
MOP2,en,"It is a brave move to start afresh in a garden , and a sure test of one's design talents .",19,"[4, 4, 4, 4, 4, 1, 4, 1, 1, 4, 4, 4, 4, 4, 1]",3.2,"it is a brave move to start afresh in a garden , and a sure test of one's design talents .",3.2,-60.7811,-53.5829,-53.7892
MOP2,en,"Liverpool won early popularity as a result of Britain's military victories in the Peninsula , just as Mr Major's reputation was enhanced by the Gulf War .",25,"[4, 4, 4, 4, 4, 4, 4, 4, 4, 4, 4, 4, 4, 4]",4.0,"liverpool won early popularity as a result of britain's military victories in the peninsula , just as mr major's reputation was enhanced by the gulf war .",4.0,-73.6288,-64.6983,-63.5173
MOP2,en,The EEC has banned BST until further research has been completed .,11,"[4, 4, 4, 4, 4, 4, 4, 4, 4, 4, 4, 4, 4, 4, 4, 4]",4.0,the eec has banned bst until further research has been completed .,4.0,-27.8383,-22.5741,-22.1302
MOP2,en,This deliberate emphasis on the young people's unreliable and hurtful past relationships poses a dilemma for residential workers .,18,"[4, 4, 4, 4, 4, 4, 4, 4, 4, 4]",4.0,this deliberate emphasis on the young people's unreliable and hurtful past relationships poses a dilemma for residential workers .,4.0,-59.2771,-54.1516,-54.78
MOP2,en,‘ As far as I can see we can either go for Dersingham or for the man himself .,17,"[4, 4, 4, 4, 4, 4, 4, 4, 4, 4, 1, 4, 4, 4, 4]",3.8,‘ as far as i can see we can either go for dersingham or for the man himself .,3.8,-49.1627,-40.7811,-41.1212
MOP2,en,Distinction is drawn between existence of licence and its ceasing to have effect .,13,"[4, 4, 1, 1, 4, 1, 4, 4, 1, 1, 4, 1, 4, 4, 4, 4]",2.875,distinction is drawn between existence of licence and its ceasing to have effect .,2.875,-40.4044,-36.1864,-36.6026
MOP2,en,Turn them into public gardens and you create an attraction instead of an eyesore .,14,"[4, 4, 4, 4, 4, 4, 4, 4, 1, 4, 4, 4, 4, 4, 4]",3.8,turn them into public gardens and you create an attraction instead of an eyesore .,3.8,-44.8548,-42.8203,-42.9305
MOP2,en,Mr Hawke last week repeated his support for the airlines recruiting new pilots overseas and re-hiring their former pilots on individual contracts .,22,"[4, 4, 4, 4, 4, 4, 4, 4, 4, 4, 1, 4, 4, 4]",3.78571428571,mr hawke last week repeated his support for the airlines recruiting new pilots overseas and re-hiring their former pilots on individual contracts .,3.7857142857142856,-67.5773,-60.2806,-60.5942
MOP2,en,"In February , councillors refused to allow a variation of the hours .",11,"[4, 4, 4, 4, 4, 4, 4, 4, 4, 4, 4, 4, 4, 4, 4, 4, 4]",4.0,"in february , councillors refused to allow a variation of the hours .",4.0,-25.9335,-24.3618,-24.6746
MOP2,en,"Nine schools in three Midlands LEAs , will be identified for in-depth study , following a questionnaire survey .",16,"[4, 4, 4, 4, 4, 4, 4, 1, 4, 1, 4, 4, 4, 4]",3.57142857143,"nine schools in three midlands leas , will be identified for in-depth study , following a questionnaire survey .",3.571428571428572,-43.137,-40.5422,-40.2868
MOP2,en,"It is when the claim to neutrality is seen , as it must be , as a sham that damage is done to the judicial system .",24,"[4, 1, 1, 4, 1, 1, 4, 1, 4, 1, 1, 4, 4]",2.38461538462,"it is when the claim to neutrality is seen , as it must be , as a sham that damage is done to the judicial system .",2.3846153846153846,-70.7688,-65.3702,-65.7358
MOP2,en,"Some of the trees , the vegetation and the animals were mechanical creations of Mirage Enterprises .",15,"[4, 4, 4, 4, 4, 4, 4, 4, 4, 4, 4, 4, 4]",4.0,"some of the trees , the vegetation and the animals were mechanical creations of mirage enterprises .",4.0,-43.0112,-39.6878,-40.332
MOP2,en,"I say he because that is what I think of , though it could be they or even she .",18,"[4, 1, 4, 1, 1, 4, 4, 1, 4, 1, 4]",2.63636363636,"i say he because that is what i think of , though it could be they or even she .",2.636363636363636,-50.5423,-50.3982,-50.0219
MOP2,en,"They are scripted for NCR System 3000 , Sun , HP DECstation and IBM hosts .",13,"[4, 4, 4, 4, 4, 4, 4, 4, 4, 4, 4, 1, 4, 4, 1, 4, 4]",3.64705882353,"they are scripted for ncr system 3000 , sun , hp decstation and ibm hosts .",3.647058823529412,-23.2343,-24.5839,-24.8763
MOP2,en,"The sequel arises from Hook's Barrie-esque determination to usurp another man's family , and from the modern man's fear of the child within himself .",23,"[4, 4, 4, 4, 4, 1, 4, 4, 4, 1, 4, 4, 4, 4, 4, 4, 1]",3.47058823529,"the sequel arises from hook's barrie-esque determination to usurp another man's family , and from the modern man's fear of the child within himself .",3.4705882352941178,-63.4367,-56.7311,-57.6555
MOP2,en,He looked from one tired face to another .,8,"[4, 4, 4, 4, 4, 4, 4, 4, 4, 4, 4, 4, 4]",4.0,he looked from one tired face to another .,4.0,-26.1234,-24.0911,-23.619
MOP2,en,Invite the person closest to you to give you some honest feedback on the degree of diplomacy you exhibit .,19,"[4, 4, 4, 4, 4, 4, 4, 4, 4, 4, 4, 4, 4, 4, 4, 4]",4.0,invite the person closest to you to give you some honest feedback on the degree of diplomacy you exhibit .,4.0,-65.0167,-59.1678,-59.2128
MOP2,en,There is little scope and seemingly no consideration for a contract by the valuer as principal .,16,"[1, 4, 1, 4, 1, 4, 4, 4, 4, 1, 4, 1]",2.75,there is little scope and seemingly no consideration for a contract by the valuer as principal .,2.75,-47.3517,-42.2792,-40.9325
MOP2,en,"‘ Oh , it's not so bad , ’ Charles offered feebly .",8,"[4, 4, 4, 4, 4, 1, 4, 4, 4, 4, 4, 4, 4, 4]",3.78571428571,"‘ oh , it's not so bad , ’ charles offered feebly .",3.7857142857142856,-31.9704,-29.5517,-30.129
MOP2,en,"And the programme ended as it dropped onto the fire to a chorus from the rest of Alf's family of ‘ unclean , unclean ’ .",22,"[4, 1, 1, 4, 4, 1, 1, 1, 4]",2.33333333333,"and the programme ended as it dropped onto the fire to a chorus from the rest of alf's family of ‘ unclean , unclean ’ .",2.333333333333333,-59.597,-56.0495,-56.3305
MOP2,en,John Taylor was an itinerant craftsman who came from Oxford in 1839 to recast the church bells at Loughborough .,19,"[4, 4, 4, 4, 4, 4, 4, 4, 4, 4, 4, 4, 4, 4, 4]",4.0,john taylor was an itinerant craftsman who came from oxford in 1839 to recast the church bells at loughborough .,4.0,-43.3183,-36.7534,-37.146
MOP2,en,‘ What are you going to do next about Tweed ? ’,9,"[4, 4, 4, 4, 4, 4, 4, 4, 4, 4, 4]",4.0,‘ what are you going to do next about tweed ? ’,4.0,-31.3009,-29.3847,-26.476
MOP2,en,"Be flexible , if necessary suggest that more time should be devoted to an item at a separate meeting .",18,"[4, 4, 4, 4, 4, 4, 4, 4, 4, 4, 4, 4, 4]",4.0,"be flexible , if necessary suggest that more time should be devoted to an item at a separate meeting .",4.0,-56.8413,-51.0949,-50.8056
MOP2,en,It was originally published by the American company Houghton Mifflin ) .,10,"[4, 4, 4, 4, 4, 4, 4, 4, 4, 4, 4, 4, 1, 4]",3.78571428571,it was originally published by the american company houghton mifflin ) .,3.7857142857142856,-26.2474,-20.8184,-20.2139
MOP2,en,For the truth is that no single agent affects our planet as much as we do .,16,"[4, 4, 4, 4, 4, 4, 4, 4, 4, 4, 4, 4, 4, 4, 4]",4.0,for the truth is that no single agent affects our planet as much as we do .,4.0,-51.2201,-42.109,-41.4866
MOP2,en,Glass exploded and shattered all around it as the storm wind and rain blasted down the corridor at them .,19,"[4, 4, 4, 4, 1, 4, 4, 4, 4, 4, 4, 4, 4]",3.76923076923,glass exploded and shattered all around it as the storm wind and rain blasted down the corridor at them .,3.769230769230769,-65.0378,-58.8779,-59.8942
MOP2,en,Lay participation in the running of the service was reduced ; in its place community health councils were created to represent the public .,22,"[4, 1, 4, 4, 4, 4, 4, 4, 4, 1, 4, 4, 1, 4]",3.35714285714,lay participation in the running of the service was reduced ; in its place community health councils were created to represent the public .,3.357142857142857,-73.0778,-68.0593,-68.1841
MOP2,en,"The borrowers , Mr and Mrs Clothier , had a £225,000 advance on their home in Silverdale Avenue , Walton-on-Thames .",16,"[4, 4, 4, 4, 4, 4, 4, 4, 4, 1, 4, 4, 4, 4, 4]",3.8,"the borrowers , mr and mrs clothier , had a £225,000 advance on their home in silverdale avenue , walton-on-thames .",3.8,-36.9584,-36.0422,-36.1806
MOP2,en,Rachel sat in tense silence beside the detestable Damian Flint .,10,"[4, 4, 4, 4, 4, 4, 4, 4, 4, 4, 4, 4, 4, 4, 4, 4]",4.0,rachel sat in tense silence beside the detestable damian flint .,4.0,-34.1446,-31.4801,-31.4011
MOP2,en,"Fat couples in vacation plaids , bouncing about like toddlers in the low g and cooing over the moondirt souvenir jewellery .",20,"[1, 4, 4, 4, 4, 4, 4, 1, 1, 4, 1, 4, 4, 1, 1, 4, 4]",2.94117647059,"fat couples in vacation plaids , bouncing about like toddlers in the low g and cooing over the moondirt souvenir jewellery .",2.9411764705882355,-66.6329,-66.2483,-66.0056
MOP2,en,The Presidential Council initially appeared designed to supplant the CPSU central committee politburo as the main centre of political decision making in the Soviet Union .,25,"[1, 4, 4, 1, 4, 4, 4, 4, 1, 4, 4, 4, 4, 1, 4]",3.2,the presidential council initially appeared designed to supplant the cpsu central committee politburo as the main centre of political decision making in the soviet union .,3.2,-78.6931,-69.9472,-70.2582
MOP2,en,The hon. Gentleman said that the proposal was half-baked .,9,"[1, 4, 1, 1, 1, 4, 1, 4, 4, 4, 4, 4, 4, 4, 4, 1, 4]",2.94117647059,the hon. gentleman said that the proposal was half-baked .,2.9411764705882355,-21.4689,-18.8511,-19.1386
MOP2,en,The transporters are designed to withstand accidents and until recently the Govenrment ruled out any possibility of a radioactive leak .,20,"[4, 4, 1, 4, 4, 4, 4, 4, 4, 4, 4, 4, 4, 4, 4, 4, 4]",3.82352941176,the transporters are designed to withstand accidents and until recently the govenrment ruled out any possibility of a radioactive leak .,3.823529411764706,-62.6845,-56.923,-56.8904
MOP2,en,I knew that there had to be a wound : she had not been drowned or strangled or poisoned .,18,"[4, 4, 4, 4, 4, 4, 4, 4, 4, 4, 4, 4, 4, 4, 4, 4]",4.0,i knew that there had to be a wound : she had not been drowned or strangled or poisoned .,4.0,-62.9862,-53.5277,-53.2447
MOP2,en,We are firmly committed to equal treatment for men and women in pensions .,13,"[4, 4, 4, 4, 4, 1, 4, 4, 4, 4, 4, 4, 4, 4, 4]",3.8,we are firmly committed to equal treatment for men and women in pensions .,3.8,-45.1113,-40.9694,-38.2654
MOP2,en,The poison is seldom dangerous but anyone who has accidentally trodden on a sea-urchin while bathing knows how painful the swelling can be .,23,"[4, 4, 4, 4, 4, 4, 4, 4, 4, 4, 4, 4]",4.0,the poison is seldom dangerous but anyone who has accidentally trodden on a sea-urchin while bathing knows how painful the swelling can be .,4.0,-74.4069,-66.4429,-66.1029
MOP2,en,Luckily for us simple folk the game plot is very straight forward .,12,"[4, 4, 4, 4, 4, 4, 4, 4, 4, 1, 4, 4, 4, 4, 4]",3.8,luckily for us simple folk the game plot is very straight forward .,3.8,-45.9114,-43.2705,-42.9374
MOP2,en,"They will report to a board headed by Sir Robert Telford , chairman of Marconi , a subsidiary of the ubiquitous GEC group .",21,"[4, 4, 4, 4, 4, 4, 4, 4, 4, 4, 4, 4, 4, 4]",4.0,"they will report to a board headed by sir robert telford , chairman of marconi , a subsidiary of the ubiquitous gec group .",4.0,-55.0053,-52.5949,-52.8601
MOP2,en,"Let us take the motion of A and B to be non-relativistic , so that .",14,"[1, 1, 4, 1, 1, 4, 4, 4, 1, 1, 4, 1, 1, 1, 1, 1]",1.9375,"let us take the motion of a and b to be non-relativistic , so that .",1.9375,-34.0159,-30.9077,-31.3797
MOP2,en,The cessation of hostilities was agreed in principle .,8,"[4, 1, 1, 4, 4, 4, 1, 1, 1, 4, 4, 4, 4, 4]",2.92857142857,the cessation of hostilities was agreed in principle .,2.9285714285714284,-22.7798,-22.6895,-22.4508
MOP2,en,A training allowance and travelling expenses for the 16 weeks of the programme .,13,"[4, 4, 4, 4, 1, 4, 4, 1, 4, 4, 1, 4, 4, 1, 4, 1]",3.0625,a training allowance and travelling expenses for the 16 weeks of the programme .,3.0625,-39.9215,-39.4479,-39.4559
MOP2,en,"Consider the different cell types , such as muscle , skin , gut , and nerve .",12,"[4, 4, 4, 4, 4, 4, 4, 4, 4, 4, 4, 4, 4, 4]",4.0,"consider the different cell types , such as muscle , skin , gut , and nerve .",4.0,-45.9877,-46.4562,-45.8661
MOP2,en,Bridget reported that the numbers for the Easter Course were much lower than at the previous courses held at Avery Hill .,21,"[4, 4, 4, 4, 4, 4, 4, 4, 4, 4, 4, 4, 4, 4, 4]",4.0,bridget reported that the numbers for the easter course were much lower than at the previous courses held at avery hill .,4.0,-56.9809,-49.0715,-49.2282
MOP2,en,"Single room £4.00 per night , extra night £16.00 per night",8,"[4, 1, 4, 4, 4, 4, 1, 4, 4, 4, 4, 4, 4]",3.53846153846,"single room £4.00 per night , extra night £16.00 per night",3.5384615384615383,-25.0368,-26.7782,-26.8756
MOP2,en,"( 13 ) , who similarly were unable to detect a P3A + α subunit transcript in muscle of chicken , calf or mouse , mouse thymus or torpedo electric organ .",24,"[4, 4, 1, 4, 4, 1, 4, 1, 1, 1, 1, 4, 4]",2.61538461538,"( 13 ) , who similarly were unable to detect a p3a + α subunit transcript in muscle of chicken , calf or mouse , mouse thymus or torpedo electric organ .",2.6153846153846154,-88.9006,-83.386,-83.25
MOP2,en,‘ Because the area round Cullbridge is awfully rich in rare species .,11,"[1, 4, 4, 1, 4, 4, 4, 4, 4, 4, 4, 1]",3.25,‘ because the area round cullbridge is awfully rich in rare species .,3.25,-37.2567,-34.7147,-34.9776
MOP2,en,"In a cold , late spring it may prove difficult to graze off the rye in time to work up a good tilth for mangolds .",24,"[1, 4, 1, 4, 4, 4, 4, 4, 4, 4, 4, 4, 4, 4, 4]",3.6,"in a cold , late spring it may prove difficult to graze off the rye in time to work up a good tilth for mangolds .",3.6,-61.3644,-57.0494,-56.7889
MOP2,en,"We thoroughly enjoy Dogs Today and try to pass on all the right things to do to our present scallywag , Monty , but he's not impressed .",25,"[4, 1, 4, 4, 4, 4, 1, 4, 1, 4, 4]",3.18181818182,"we thoroughly enjoy dogs today and try to pass on all the right things to do to our present scallywag , monty , but he's not impressed .",3.1818181818181817,-72.6901,-64.4147,-63.7397
MOP2,en,You'll receive a distinctive personalised Club card with which you can claim you Air Miles at participating Shell Stations .,19,"[4, 1, 4, 4, 4, 4, 1, 4, 4, 4, 4, 4, 4, 4, 4]",3.6,you'll receive a distinctive personalised club card with which you can claim you air miles at participating shell stations .,3.6,-68.4945,-65.5791,-65.5628
MOP2,en,‘ The idea is to make it easier and try to get a good picture of how they feel about their own health .,22,"[4, 4, 4, 4, 4, 4, 4, 4, 4, 4, 4, 4, 4, 4, 4]",4.0,‘ the idea is to make it easier and try to get a good picture of how they feel about their own health .,4.0,-65.2597,-50.5254,-51.4055
MOP2,en,"In almost all investigations of any size , one investigator can be occupied full time taking statements during the first few days after the accident .",24,"[4, 4, 4, 4, 4, 4, 4, 4, 4, 4, 4]",4.0,"in almost all investigations of any size , one investigator can be occupied full time taking statements during the first few days after the accident .",4.0,-78.3392,-68.5945,-67.9455
MOP2,en,"Right now , Kendall is not back at the aristocratic Everton he knew seven years ago .",15,"[4, 1, 4, 4, 1, 4, 1, 4, 4, 4, 4, 4, 1, 4, 4]",3.2,"right now , kendall is not back at the aristocratic everton he knew seven years ago .",3.2,-38.998,-32.5824,-33.3009
MOP2,en,"Australia would be happy if the accord led to the reopening of the Panguna copper mine , one of the world's biggest .",21,"[1, 4, 4, 4, 4, 4, 4, 4, 1, 4, 4]",3.45454545455,"australia would be happy if the accord led to the reopening of the panguna copper mine , one of the world's biggest .",3.4545454545454546,-56.1392,-48.6999,-48.4232
MOP2,en,It is forecast to fall to 15% in April .,9,"[4, 4, 4, 4, 4, 4, 4, 4, 4, 4, 4, 4, 4, 1, 4]",3.8,it is forecast to fall to 15% in april .,3.8,-32.2839,-30.5211,-29.8887
MOP2,en,"Despite net assets up 35% to £458 million at Stanhope , the city is unimpressed with the sector .",16,"[4, 4, 4, 4, 4, 4, 4, 4, 4, 4, 1, 1, 4, 4, 4]",3.6,"despite net assets up 35% to £458 million at stanhope , the city is unimpressed with the sector .",3.6,-50.2972,-50.9312,-51.2814
MOP2,en,Because a source less abundant and less generous than this river had dried up ?,14,"[1, 4, 1, 4, 1, 4, 4, 4, 4, 4, 4, 4, 1]",3.07692307692,because a source less abundant and less generous than this river had dried up ?,3.076923076923077,-50.5961,-53.302,-56.8765
MOP2,en,"The C and Ku bands , 4GHz to 6GHz and 11GHz to 14GHz respectively , are now heavily used .",17,"[4, 4, 4, 4, 4, 4, 4, 4, 4, 4, 4, 4, 4, 4]",4.0,"the c and ku bands , 4ghz to 6ghz and 11ghz to 14ghz respectively , are now heavily used .",4.0,-33.2326,-33.6589,-35.0121
MOP2,en,These aspects of political choice are still important but less so now than in the past .,16,"[4, 4, 4, 4, 4, 4, 4, 4, 4, 4, 4, 4, 4, 4, 1]",3.8,these aspects of political choice are still important but less so now than in the past .,3.8,-50.161,-44.2115,-43.2148
MOP2,en,She made you look a bit of a fool in front of anyone else who was watching .,17,"[4, 4, 4, 4, 4, 4, 4, 4, 1, 4, 4, 4]",3.75,she made you look a bit of a fool in front of anyone else who was watching .,3.75,-51.8118,-39.9333,-40.8171
MOP2,en,"If so , they hadn't expended much on a decent script .",10,"[4, 4, 4, 4, 1, 4, 1, 1, 1, 1, 4, 4, 4, 4]",2.92857142857,"if so , they hadn't expended much on a decent script .",2.9285714285714284,-33.9759,-33.2658,-33.5365
MOP2,en,What was that odd note in Nick's voice ?,8,"[4, 4, 4, 4, 4, 4, 4, 1, 4, 4, 4, 4, 4, 4, 4]",3.8,what was that odd note in nick's voice ?,3.8,-24.5434,-23.9022,-26.7661
MOP2,en,"Pam and Errol have two children , aged 13 and 16 .",10,"[4, 4, 4, 4, 4, 4, 4, 4, 4, 4, 4, 4, 4]",4.0,"pam and errol have two children , aged 13 and 16 .",4.0,-29.1393,-29.4236,-29.4133
MOP2,en,What about learning how to change things for the better rather than merely learning to adapt to the way things are now ?,22,"[4, 4, 4, 4, 4, 4, 4, 4, 4, 1, 4, 4, 4]",3.76923076923,what about learning how to change things for the better rather than merely learning to adapt to the way things are now ?,3.769230769230769,-69.9685,-57.4468,-59.237
MOP2,en,"‘ It was thought — everyone assumed — she would marry in her turn , and that would be the end of it .",19,"[4, 4, 4, 4, 4, 4, 4, 1, 4, 4, 4, 4, 4, 4]",3.78571428571,"‘ it was thought — everyone assumed — she would marry in her turn , and that would be the end of it .",3.7857142857142856,-53.7544,-45.6882,-46.492
MOP2,en,The personnel manager studied resource management at college and joined the company as a line manager .,16,"[4, 4, 4, 4, 4, 4, 4, 4, 4, 4, 4, 4, 4, 4, 4]",4.0,the personnel manager studied resource management at college and joined the company as a line manager .,4.0,-55.5462,-50.3449,-50.7991
MOP2,en,Much now depends on how active a role the US is prepared to play to chivvy Israel along to respond to the Egyptian proposals .,24,"[4, 4, 1, 4, 1, 4, 4, 4, 4, 4, 1, 4, 1]",3.07692307692,much now depends on how active a role the us is prepared to play to chivvy israel along to respond to the egyptian proposals .,3.076923076923077,-64.7029,-58.7929,-59.1885
MOP2,en,"‘ Sometimes I wonder how he passed his 0-levels , ’ Daddy said as we crawled over the cobbles and out of the village .",21,"[4, 1, 4, 4, 4, 4, 4, 1, 4, 4, 4, 4, 4]",3.53846153846,"‘ sometimes i wonder how he passed his 0-levels , ’ daddy said as we crawled over the cobbles and out of the village .",3.5384615384615383,-61.7395,-54.8898,-55.4167
MOP2,en,"At the Houses of Parliament , the cry goes up : ‘ Burn it down . ’",12,"[4, 1, 1, 4, 4, 4, 4, 4, 4, 4, 4, 4, 4]",3.53846153846,"at the houses of parliament , the cry goes up : ‘ burn it down . ’",3.5384615384615383,-42.3184,-43.0285,-42.9491
MOP2,en,This is more representative of the nature of R&D projects than is the single date often given as the result of a PERT plan .,24,"[4, 4, 1, 4, 4, 4, 1, 4, 4, 4, 4, 4, 4, 4, 4]",3.6,this is more representative of the nature of r&d projects than is the single date often given as the result of a pert plan .,3.6,-68.6841,-60.4278,-58.1785
MOP2,en,"These involve much more open and distance learning and the creation by photocopying and electrocopying , of ‘ customised ’ packs of materials for students .",22,"[1, 1, 4, 1, 1, 4, 1, 1, 1, 4, 1, 4]",2.0,"these involve much more open and distance learning and the creation by photocopying and electrocopying , of ‘ customised ’ packs of materials for students .",2.0,-57.0903,-53.5237,-53.8868
MOP2,en,It seemed impossible that anyone could survive in the middle of that storm of blades .,15,"[4, 1, 4, 4, 4, 4, 4, 4, 4, 4, 4, 4, 4, 1, 4]",3.6,it seemed impossible that anyone could survive in the middle of that storm of blades .,3.6,-48.59,-42.5795,-41.2438
MOP2,en,"When women were given artificial moonlight for three consecutive nights once a month , their cycles became synchronised to the lunar rhythm .",21,"[4, 4, 4, 4, 4, 4, 4, 4, 1, 4, 4, 4, 4, 4]",3.78571428571,"when women were given artificial moonlight for three consecutive nights once a month , their cycles became synchronised to the lunar rhythm .",3.7857142857142856,-71.6247,-67.648,-68.8469
MOP2,en,"Admittedly , he was not driven by the same devoutly mercenary ambitions of some of his colleagues and sought artistic satisfaction wherever possible .",22,"[4, 1, 4, 4, 4, 4, 1, 4, 4, 4, 4, 4]",3.5,"admittedly , he was not driven by the same devoutly mercenary ambitions of some of his colleagues and sought artistic satisfaction wherever possible .",3.5,-67.5365,-56.8895,-57.146
MOP2,en,With snow in plentiful supply we have a special section in this issue for those of you who want to get off the piste .,24,"[4, 4, 1, 4, 4, 4, 4, 4, 4, 1, 4, 1, 4]",3.30769230769,with snow in plentiful supply we have a special section in this issue for those of you who want to get off the piste .,3.3076923076923075,-69.3807,-60.1922,-60.7748
MOP2,en,"In other words the generalist administrator calls upon the economists , the statisticians , etc. for information but it is the generalist who is ‘ on top ’ .",24,"[4, 4, 4, 4, 4, 4, 4, 4, 4, 4, 4, 4, 4, 4, 4, 4, 1]",3.82352941176,"in other words the generalist administrator calls upon the economists , the statisticians , etc. for information but it is the generalist who is ‘ on top ’ .",3.823529411764706,-79.3231,-72.039,-73.6239
MOP2,en,"‘ Long enough to know my own worth , ’ Gina retorted , irritated by the sardonic gleam in his eyes .",17,"[4, 4, 4, 4, 4, 4, 4, 4, 4, 1, 4]",3.72727272727,"‘ long enough to know my own worth , ’ gina retorted , irritated by the sardonic gleam in his eyes .",3.727272727272727,-58.9209,-49.2758,-48.9367
MOP2,en,"You're afraid , both of you , that I might discover Mom isn't dead at all , aren't you ? ’",16,"[1, 4, 4, 4, 4, 4, 1, 4, 4, 4, 4, 4]",3.5,"you're afraid , both of you , that i might discover mom isn't dead at all , aren't you ? ’",3.5,-54.7666,-53.2442,-53.0105
MOP2,en,The SORP recommends the same for local authorities and gives examples of accounting policies to be commented on .,18,"[4, 4, 4, 4, 4, 4, 1, 4, 4, 1, 4, 4, 4]",3.53846153846,the sorp recommends the same for local authorities and gives examples of accounting policies to be commented on .,3.5384615384615383,-57.137,-54.3596,-54.9769
MOP2,en,"Having decided he must again race the tide , he began a desperate cumbersome run along the edge of the trough towards the breakwater .",23,"[4, 4, 4, 4, 4, 4, 1, 4, 4, 4, 4, 4, 4, 4]",3.78571428571,"having decided he must again race the tide , he began a desperate cumbersome run along the edge of the trough towards the breakwater .",3.7857142857142856,-70.8677,-63.4942,-63.5704
MOP2,en,The birds could pose a serious health risk for people who eat them in north Africa and southern Europe .,19,"[4, 4, 4, 4, 4, 4, 4, 4, 4, 4, 4, 4, 4, 4, 4]",4.0,the birds could pose a serious health risk for people who eat them in north africa and southern europe .,4.0,-59.2226,-57.3805,-57.0491
MOP2,en,"After a month , the pain began to ease slightly and Lisa was able to get up to her own room with Janet's help .",23,"[4, 4, 4, 4, 4, 4, 4, 4, 4, 4, 4, 4, 4, 4, 4]",4.0,"after a month , the pain began to ease slightly and lisa was able to get up to her own room with janet's help .",4.0,-59.5999,-48.9049,-50.668
MOP2,en,"These problems , coupled with the Conservative government's free market philosophy , led to a move back towards more market related official rates in the early 1980s .",25,"[4, 4, 4, 4, 4, 4, 1, 4, 4, 4, 4, 4, 4]",3.76923076923,"these problems , coupled with the conservative government's free market philosophy , led to a move back towards more market related official rates in the early 1980s .",3.769230769230769,-82.7222,-76.3492,-75.4554
MOP2,en,"The goodwill figure in such cases can be derived from the average net profit margin per gallon , multiplied by the daily throughput .",22,"[1, 4, 1, 4, 4, 4, 4, 4, 4, 4, 4, 4, 4, 4, 4]",3.6,"the goodwill figure in such cases can be derived from the average net profit margin per gallon , multiplied by the daily throughput .",3.6,-75.6942,-59.1588,-59.6046
MOP2,en,"He also had claims to be considered a genuine all-rounder , having played many attacking innings in the lower middle order .",20,"[4, 1, 4, 4, 4, 4, 1, 1, 4, 1, 1, 4, 4, 1]",2.71428571429,"he also had claims to be considered a genuine all-rounder , having played many attacking innings in the lower middle order .",2.7142857142857144,-63.2829,-58.0172,-57.4395
MOP2,en,"It was a naturally sheltered basin , a trick of the undulating meadows along the Comer .",15,"[4, 4, 4, 1, 4, 4, 1, 4, 4, 4, 1, 1, 4]",3.07692307692,"it was a naturally sheltered basin , a trick of the undulating meadows along the comer .",3.076923076923077,-53.0035,-50.6229,-51.7958
MOP2,en,"The course offers basic all round training in communication theory , particularly geared to the African context .",16,"[4, 4, 4, 4, 4, 4, 4, 1, 4, 4, 4]",3.72727272727,"the course offers basic all round training in communication theory , particularly geared to the african context .",3.727272727272727,-46.7319,-48.8512,-48.1779
MOP2,en,"Then , slowly at first , he began to prepare the little boy for this possible destiny .",15,"[4, 4, 4, 4, 4, 4, 4, 4, 4, 4, 4, 1, 4]",3.76923076923,"then , slowly at first , he began to prepare the little boy for this possible destiny .",3.769230769230769,-46.313,-39.8014,-39.383
MOP2,en,"My German worked like a dream , like a brilliant robot you switch on and stand back and admire as it does all the hard work .",25,"[4, 1, 4, 1, 1, 4, 4, 4, 4, 1, 4, 4, 1, 4]",2.92857142857,"my german worked like a dream , like a brilliant robot you switch on and stand back and admire as it does all the hard work .",2.9285714285714284,-74.1451,-68.6205,-68.5967
MOP2,en,Jess — her blunt nose coming in contact with Samson's hand as she coiled round — bit him .,16,"[1, 4, 4, 4, 4, 4, 1, 4, 4, 4, 4, 4]",3.5,jess — her blunt nose coming in contact with samson's hand as she coiled round — bit him .,3.5,-51.7576,-47.3635,-47.0217
MOP2,en,A good deal gives me the feeling that I have been for a nice seven-day trip to the Bahamas . ’,19,"[4, 1, 4, 1, 4, 1, 1, 1, 4, 1, 4, 4, 1]",2.38461538462,a good deal gives me the feeling that i have been for a nice seven-day trip to the bahamas . ’,2.3846153846153846,-51.8506,-45.796,-46.1239
MOP2,en,"It is excellent for skiing since lateral jumping movements can be used , the calves get well stretched and you also develop posture , balance and co-ordination .",25,"[4, 4, 4, 4, 4, 4, 4, 1, 4, 4, 4, 4, 4, 4]",3.78571428571,"it is excellent for skiing since lateral jumping movements can be used , the calves get well stretched and you also develop posture , balance and co-ordination .",3.7857142857142856,-85.736,-87.0902,-85.4171
MOP2,en,The biggest area where the Renault scores is comfort and equipment .,11,"[4, 4, 4, 4, 4, 4, 1, 4, 4, 1, 1]",3.18181818182,the biggest area where the renault scores is comfort and equipment .,3.1818181818181817,-34.7129,-30.8708,-30.9237
MOP2,en,"Any earlier wheel-pit on this site could however , either have been demolished and rebuilt , or enlarged to take the new wheel .",21,"[4, 1, 4, 1, 4, 4, 4, 1, 1, 4, 1, 4, 4]",2.84615384615,"any earlier wheel-pit on this site could however , either have been demolished and rebuilt , or enlarged to take the new wheel .",2.8461538461538463,-67.5903,-62.0507,-63.7303
MOP2,en,Along their flanks are arrays of proprioceptors which in part act like external arteries .,14,"[4, 4, 4, 4, 4, 4, 4, 4, 1, 4, 4, 4]",3.75,along their flanks are arrays of proprioceptors which in part act like external arteries .,3.75,-36.7292,-37.3421,-37.2988
MOP2,en,North Harbour coach Brad Meurant said : ‘ Everybody helped their mates .,10,"[4, 4, 4, 4, 4, 4, 4, 4, 1, 4, 4, 4, 4, 4, 4, 4]",3.8125,north harbour coach brad meurant said : ‘ everybody helped their mates .,3.8125,-40.5234,-36.9895,-36.9424
MOP2,en,"This year Marks and Spencer has leapt to the top slot , Shell is now second and Glaxo third .",18,"[4, 4, 4, 4, 4, 1, 4, 4, 4, 1, 4, 4, 1, 4]",3.35714285714,"this year marks and spencer has leapt to the top slot , shell is now second and glaxo third .",3.357142857142857,-52.1016,-51.9593,-51.3103
MOP2,en,"Highly explosive eruptions of gas-charged magma originating in the upper mantle produce small , shallow craters called maars .",17,"[4, 4, 4, 4, 1, 4, 4, 4, 4, 4, 1, 1, 4, 4, 4]",3.4,"highly explosive eruptions of gas-charged magma originating in the upper mantle produce small , shallow craters called maars .",3.4,-43.7803,-43.0328,-42.8973
MOP2,en,Risk of change in the expected rate of long-term growth of the economy .,13,"[4, 4, 4, 4, 4, 1, 4, 1, 4, 1, 4, 4, 4, 4, 4, 1]",3.25,risk of change in the expected rate of long-term growth of the economy .,3.25,-40.0643,-32.1174,-33.4674
MOP2,en,She stood outside the lifts in the hospital's main entrance with other visitors .,13,"[4, 4, 4, 4, 4, 4, 4, 4, 4, 4, 4, 4]",4.0,she stood outside the lifts in the hospital's main entrance with other visitors .,4.0,-40.9576,-36.1824,-36.3065
MOP2,en,A similar picture emerges in relation to the distribution of gross earnings among female manual workers .,16,"[4, 4, 4, 4, 4, 4, 4, 4, 4, 4, 4, 4, 4, 4, 4]",4.0,a similar picture emerges in relation to the distribution of gross earnings among female manual workers .,4.0,-59.7198,-51.3741,-50.7023
MOP2,en,Solicitors and suitably qualified Fellows of the Institute of Legal Executives .,11,"[1, 4, 4, 4, 4, 1, 4, 4, 4, 4, 1, 4, 1, 4]",3.14285714286,solicitors and suitably qualified fellows of the institute of legal executives .,3.142857142857143,-39.3455,-36.873,-36.7788
MOP2,en,Such an Order had to be laid before Parliament and was there debated on 6 December 1977 .,17,"[4, 4, 4, 1, 4, 1, 4, 4, 4, 1, 4, 4, 4, 4, 4]",3.4,such an order had to be laid before parliament and was there debated on 6 december 1977 .,3.4,-49.2412,-46.7118,-45.9806
MOP2,en,"‘ Yes , well , I always thought Augustine was a bit simplistic in his ideas , ’ said William , waspishly , as if he was talking about a rival academic .",25,"[4, 4, 4, 4, 4, 4, 4, 4, 4, 4, 4, 4, 4, 4]",4.0,"‘ yes , well , i always thought augustine was a bit simplistic in his ideas , ’ said william , waspishly , as if he was talking about a rival academic .",4.0,-91.2976,-79.0607,-78.1266
MOP2,en,The origins of Brazil's export success in military trainers and small civilian aircraft were quite different .,16,"[1, 4, 4, 4, 4, 4, 4, 4, 4, 4, 4, 4, 4, 4]",3.78571428571,the origins of brazil's export success in military trainers and small civilian aircraft were quite different .,3.7857142857142856,-49.7129,-44.418,-44.5149
MOP2,en,"To my officers , it says why should we bother .",9,"[4, 4, 4, 1, 1, 1, 1, 1, 1, 4, 1, 4, 4, 1]",2.28571428571,"to my officers , it says why should we bother .",2.2857142857142856,-30.2482,-29.9093,-29.1952
MOP2,en,Her Royal Highness travelled in an aircraft of The Queen's Flight and was attended by Mrs Harry Cotterell .,18,"[4, 4, 1, 4, 4, 4, 4, 4, 4, 4, 4, 4, 4, 4]",3.78571428571,her royal highness travelled in an aircraft of the queen's flight and was attended by mrs harry cotterell .,3.7857142857142856,-48.4176,-46.4176,-46.5663
MOP2,en,In the last two years of the war I was in orbit visiting every station and squadron in my endless quest for Pathfinders .,23,"[4, 4, 4, 4, 4, 4, 4, 1, 4, 4, 4, 4, 4]",3.76923076923,in the last two years of the war i was in orbit visiting every station and squadron in my endless quest for pathfinders .,3.769230769230769,-72.0265,-62.89,-62.3332
MOP2,en,The EC does not concern itself with national health or education policies .,12,"[4, 4, 4, 4, 4, 4, 4, 1, 4, 4, 4, 4, 4, 4]",3.78571428571,the ec does not concern itself with national health or education policies .,3.7857142857142856,-38.6661,-35.8363,-35.7681
MOP2,en,"The leader makes all the decisions and issues instructions , expecting them to be obeyed without question .",16,"[4, 4, 4, 4, 4, 4, 4, 4, 4, 4, 4, 4, 4, 4, 4, 4]",4.0,"the leader makes all the decisions and issues instructions , expecting them to be obeyed without question .",4.0,-53.7745,-52.611,-52.5994
MOP2,en,"Our investigative researchers ventured into the centre of London to find out if High Street shops are dog-friendly and if they're not , why not ?",24,"[4, 4, 4, 4, 4, 4, 4, 4, 4, 4, 1, 4, 4, 4, 1]",3.6,"our investigative researchers ventured into the centre of london to find out if high street shops are dog-friendly and if they're not , why not ?",3.6,-67.9136,-59.6754,-58.194
MOP2,en,Now I understand why they paid Macaulay Culkin $3 million — he earned it .,12,"[4, 4, 4, 4, 4, 4, 4, 4, 4, 4, 4, 4, 4, 4, 4]",4.0,now i understand why they paid macaulay culkin $3 million — he earned it .,4.0,-38.7588,-35.7427,-35.1541
MOP2,en,It is to such character string formats that we now turn .,11,"[4, 1, 4, 4, 4, 4, 4, 4, 1, 4, 4, 4, 4, 4, 4, 4]",3.625,it is to such character string formats that we now turn .,3.625,-38.1468,-33.864,-33.8949
MOP2,en,"‘ He has been with me too , Brother , ’ Tundrish replied simply .",10,"[4, 4, 4, 4, 4, 4, 4, 4, 4, 4, 4, 4, 4]",4.0,"‘ he has been with me too , brother , ’ tundrish replied simply .",4.0,-32.369,-29.662,-31.0955
MOP2,en,"He had registered with warm approval the tears of Antiochus III , when the rebel Achaeus was brought to him """" bound hand and foot """" ( 8.20.9 ) .",24,"[4, 4, 4, 4, 4, 4, 4, 4, 1, 4, 4, 4, 1]",3.53846153846,"he had registered with warm approval the tears of antiochus iii , when the rebel achaeus was brought to him """" bound hand and foot """" ( 8.20.9 ) .",3.5384615384615383,-66.4749,-64.4683,-64.0744
MOP2,en,"Of 18 patients who were alive at short term follow up ( mean ( range ) 19.4 ( 10–33 ) months ) , 14 were still alive in 1992 ( 69 ( 61–83 ) months ) .",25,"[4, 4, 4, 4, 4, 4, 4, 4, 4, 1, 4, 4]",3.75,"of 18 patients who were alive at short term follow up ( mean ( range ) 19.4 ( 10–33 ) months ) , 14 were still alive in 1992 ( 69 ( 61–83 ) months ) .",3.75,-103.16,-99.9289,-98.6306
MOP2,en,The second approach can be a very productive strategy in a foreign language too .,14,"[4, 4, 4, 4, 4, 4, 4, 1, 4, 4, 4, 4, 4, 4, 4, 4]",3.8125,the second approach can be a very productive strategy in a foreign language too .,3.8125,-46.083,-37.8211,-38.8808
MOP2,en,"He took the gun and went to the door , checking that the horse and cart were still safely tethered .",19,"[4, 4, 4, 4, 4, 4, 4, 4, 4, 4, 4]",4.0,"he took the gun and went to the door , checking that the horse and cart were still safely tethered .",4.0,-59.0927,-52.4957,-52.5239
MOP2,en,"I did not know how many species of trees there were , maybe more than 1,000 .",15,"[4, 1, 4, 4, 4, 4, 4, 4, 4, 4, 4, 4, 4, 4, 4, 4]",3.8125,"i did not know how many species of trees there were , maybe more than 1,000 .",3.8125,-47.9098,-37.9622,-38.1301
MOP2,en,"Front sash window , original fireplace , built in single wardrobes , radiator , power points , stripped wooden floors .",15,"[4, 1, 1, 4, 4, 4, 4, 1, 4, 4, 4, 1, 1]",2.84615384615,"front sash window , original fireplace , built in single wardrobes , radiator , power points , stripped wooden floors .",2.8461538461538463,-64.0417,-66.959,-66.8595
MOP2,en,"The global level of HIV infection was expected to rise to 15-20,000,000 by 2000 , of which at least three-quarters would be in the developing world .",25,"[4, 1, 4, 4, 4, 4, 4, 4, 4, 4, 4, 4, 4, 4, 4, 4]",3.8125,"the global level of hiv infection was expected to rise to 15-20,000,000 by 2000 , of which at least three-quarters would be in the developing world .",3.8125,-71.2031,-66.0474,-66.1007
MOP2,en,The result has been to destroy much of the progress in health care over the years preceding each dispute .,19,"[4, 4, 4, 4, 4, 4, 4, 4, 4, 4, 4, 4, 4, 4]",4.0,the result has been to destroy much of the progress in health care over the years preceding each dispute .,4.0,-59.2916,-53.4696,-51.9453
MOP2,en,"Woil's escape was over , and it had all taken less than a minute and a half .",16,"[4, 4, 4, 4, 4, 4, 4, 4, 4, 4, 4, 4, 4, 4]",4.0,"woil's escape was over , and it had all taken less than a minute and a half .",4.0,-43.7974,-39.7859,-38.2187
MOP2,en,Laughter gleamed in his eyes as he met her belligerent stare .,11,"[4, 4, 4, 4, 4, 4, 4, 4, 4, 4, 4]",4.0,laughter gleamed in his eyes as he met her belligerent stare .,4.0,-41.0778,-36.4137,-35.5014
MOP2,en,"They were only minutes from the railway station , the service was frequent .",12,"[4, 4, 1, 4, 4, 4, 4, 4, 1, 1, 4, 1, 4]",3.07692307692,"they were only minutes from the railway station , the service was frequent .",3.076923076923077,-36.4734,-33.8551,-34.0315
MOP2,en,"Perhaps most significantly of all , three of boxing's all-time greats — Ali , Robinson and Armstrong — were born into comfortable circumstances .",19,"[4, 4, 4, 4, 4, 4, 4, 4, 4, 4, 4, 1, 4, 4, 4]",3.8,"perhaps most significantly of all , three of boxing's all-time greats — ali , robinson and armstrong — were born into comfortable circumstances .",3.8,-46.5785,-47.4178,-46.5396
MOP2,en,"The Halifax Building Society , where the bombers had placed their device , is now a heap of rubble .",17,"[4, 4, 4, 4, 4, 4, 4, 4, 4, 4, 4, 4, 4, 4]",4.0,"the halifax building society , where the bombers had placed their device , is now a heap of rubble .",4.0,-47.6921,-45.4615,-45.7835
MOP2,en,There's no other catalogue quite like the OXFAM Christmas catalogue .,10,"[4, 4, 4, 4, 4, 4, 4, 4, 4, 4, 4, 4, 4, 4, 4, 4]",4.0,there's no other catalogue quite like the oxfam christmas catalogue .,4.0,-31.1893,-25.4974,-25.9714
MOP2,en,"‘ Unless there are more resources pumped in , this is going to happen , ’ she said .",14,"[4, 4, 1, 4, 4, 4, 4, 4, 4, 4, 4, 4, 4, 4, 4]",3.8,"‘ unless there are more resources pumped in , this is going to happen , ’ she said .",3.8,-47.0593,-40.2743,-39.8262
MOP2,en,It was a way of thinking and behaving .,8,"[4, 4, 4, 4, 4, 4, 4, 4, 4, 4, 4, 4, 4, 4, 4, 4, 4, 4]",4.0,it was a way of thinking and behaving .,4.0,-24.3427,-20.8644,-20.5215
MOP2,en,"‘ Yes , ’ she said briefly , and for a few moments they studied each other .",13,"[4, 4, 4, 4, 4, 4, 4, 4, 4, 4, 4, 4]",4.0,"‘ yes , ’ she said briefly , and for a few moments they studied each other .",4.0,-44.1611,-36.3192,-36.4745
MOP2,en,"On a slow surface , both sets of bowlers bowled straight , and the batsmen were loath to take risks to break up their line .",23,"[4, 1, 4, 4, 4, 4, 1, 4, 1, 4, 4, 4, 4]",3.30769230769,"on a slow surface , both sets of bowlers bowled straight , and the batsmen were loath to take risks to break up their line .",3.3076923076923075,-57.8149,-52.5248,-52.5506
MOP2,en,The parts of the statute are arranged in three groups .,10,"[4, 4, 4, 4, 1, 4, 4, 4, 4, 4, 4, 4, 4, 4]",3.78571428571,the parts of the statute are arranged in three groups .,3.7857142857142856,-31.8869,-26.7739,-26.447
MOP2,en,"Strangely , his only international appearance was for the English against the Scottish League in 1914 .",15,"[4, 4, 4, 4, 4, 4, 4, 4, 4, 4, 4, 4, 4, 4]",4.0,"strangely , his only international appearance was for the english against the scottish league in 1914 .",4.0,-38.4505,-37.9541,-36.8996
MOP2,en,It's Saturday night and they may not come .,8,"[4, 4, 4, 4, 4, 4, 4, 4, 4, 4, 4, 4]",4.0,it's saturday night and they may not come .,4.0,-23.1506,-19.7359,-21.1761
MOP2,en,Throughout the discussions information provided by the other sites is kept confidential .,12,"[4, 4, 4, 4, 4, 1, 1, 4, 4, 4, 1, 4, 4, 4, 4, 4]",3.4375,throughout the discussions information provided by the other sites is kept confidential .,3.4375,-43.0927,-37.4658,-37.889
MOP2,en,In a number of instances reminders were required ( both written and by telephone ) .,13,"[4, 4, 4, 4, 4, 4, 4, 4, 4, 4]",4.0,in a number of instances reminders were required ( both written and by telephone ) .,4.0,-48.6752,-46.0649,-46.5975
MOP2,en,"As Montagu ( 1976 ) has stated again and again , the social activity of war need have no relationship with the inner state of aggression .",23,"[4, 4, 4, 4, 4, 4, 4, 4, 4, 1, 4, 4, 4, 4, 4]",3.8,"as montagu ( 1976 ) has stated again and again , the social activity of war need have no relationship with the inner state of aggression .",3.8,-68.6145,-62.8586,-61.4274
MOP2,en,"That , then , is the theory — but how does it work out in practice ?",13,"[1, 4, 4, 4, 4, 4, 4, 4, 4, 1, 4, 4]",3.5,"that , then , is the theory — but how does it work out in practice ?",3.5,-37.8761,-35.5437,-34.4645
MOP2,en,"However , things can look rather different from the angle of those just above the exemption limit .",16,"[4, 4, 4, 4, 4, 1, 4, 4, 4, 4, 4, 1, 4, 4, 4]",3.6,"however , things can look rather different from the angle of those just above the exemption limit .",3.6,-50.0971,-46.6385,-46.0649
MOP2,en,"Repeating what they hear , women on the right claim that something called """" Salvadorean democracy """" is in danger .",17,"[4, 4, 4, 4, 4, 4, 4, 4, 4, 4, 1, 4, 4]",3.76923076923,"repeating what they hear , women on the right claim that something called """" salvadorean democracy """" is in danger .",3.769230769230769,-48.6639,-46.2556,-45.7177
MOP2,en,Table I summarises the clinical features of these patients .,9,"[4, 4, 4, 1, 4, 4, 4, 4, 4, 4, 4, 4, 4, 4, 4]",3.8,table i summarises the clinical features of these patients .,3.8,-31.0822,-26.7012,-26.8016
MOP2,en,"Further information from S. S. Langer , RSC , Burlington House , Piccadilly , London W1V 0BN .",13,"[4, 4, 4, 4, 4, 4, 4, 1, 4, 4, 4, 1, 4]",3.53846153846,"further information from s. s. langer , rsc , burlington house , piccadilly , london w1v 0bn .",3.5384615384615383,-16.0822,-17.0822,-17.142
MOP2,en,"The Jarisch-Herxheimer reaction , usually shortened to the ‘ Herxheimer ’ reaction , follows the initial dose of treatment of syphilis in a proportion of cases .",22,"[4, 4, 1, 4, 4, 4, 4, 4, 4, 4, 4, 4, 4, 4]",3.78571428571,"the jarisch-herxheimer reaction , usually shortened to the ‘ herxheimer ’ reaction , follows the initial dose of treatment of syphilis in a proportion of cases .",3.7857142857142856,-59.2786,-53.9748,-54.1704
MOP2,en,Ideally this will not be necessary if those who send them have a vision for and support the work financially .,20,"[4, 4, 4, 4, 4, 1, 4, 4, 4, 4, 4, 4, 1]",3.53846153846,ideally this will not be necessary if those who send them have a vision for and support the work financially .,3.5384615384615383,-63.9528,-59.2694,-60.1768
MOP2,en,"Looking around the room , at the old , worn furniture , I realized that Herbert must be very poor .",17,"[4, 4, 4, 4, 4, 4, 4, 4, 4, 4, 1, 4, 4, 4, 4]",3.8,"looking around the room , at the old , worn furniture , i realized that herbert must be very poor .",3.8,-53.9919,-45.9909,-46.5243
MOP2,en,They will be joined by John Tierney and John Kerr .,10,"[4, 4, 4, 4, 4, 4, 4, 4, 4, 4, 4, 4, 4, 4, 4, 4]",4.0,they will be joined by john tierney and john kerr .,4.0,-30.1234,-23.563,-23.1642
MOP2,en,Yet the trophy sits in Jim's office at Peel Park and will stay there .,14,"[4, 4, 4, 4, 4, 4, 4, 4, 4, 4, 4, 4, 4, 4, 4, 4]",4.0,yet the trophy sits in jim's office at peel park and will stay there .,4.0,-42.6397,-39.2817,-38.3187
MOP2,en,Homology searches of the Leeds and Swiss protein data bases failed to detect any significant similarity with any other protein .,20,"[4, 4, 1, 4, 4, 4, 4, 4, 4, 4]",3.7,homology searches of the leeds and swiss protein data bases failed to detect any significant similarity with any other protein .,3.7,-56.7315,-50.3518,-50.6627
MOP2,en,‘ It could have something to do with Angy's murder .,9,"[4, 4, 4, 4, 4, 4, 4, 4, 4, 4, 4, 4, 4, 4]",4.0,‘ it could have something to do with angy's murder .,4.0,-24.7013,-17.4588,-16.1501
MOP2,en,"Ranchers , who see themselves as the guardians of the west , say that grazing generates economic stability and feeds the nation .",20,"[4, 4, 4, 4, 4, 4, 4, 4, 4, 4, 4, 4, 4, 4, 4]",4.0,"ranchers , who see themselves as the guardians of the west , say that grazing generates economic stability and feeds the nation .",4.0,-67.9934,-63.005,-63.6578
MOP2,en,This man was buried here in the fourth century .,9,"[4, 4, 4, 4, 4, 4, 4, 4, 4, 4, 4, 4]",4.0,this man was buried here in the fourth century .,4.0,-29.7292,-22.1652,-22.204
MOP2,en,"They start to question , and they start to dream . ’",9,"[4, 4, 4, 4, 4, 4, 1, 4, 4, 4, 4, 4, 4, 4, 4, 4]",3.8125,"they start to question , and they start to dream . ’",3.8125,-28.0668,-26.9503,-26.953
MOP2,en,A water softener works on the principle of ‘ ion exchange ’ .,10,"[4, 4, 4, 4, 4, 4, 4, 4, 4, 4, 4, 4, 4]",4.0,a water softener works on the principle of ‘ ion exchange ’ .,4.0,-36.2984,-29.8203,-29.7487
MOP2,en,"Steve Jones ( he speaks specifically about Jones' zealous christianity ) : """" A lot of people are simply uncomfortable with some people's """" over-religiosity """" or whatever you call it .",25,"[4, 4, 4, 4, 4, 1, 4, 4, 4, 4, 4, 4, 1, 4, 4]",3.6,"steve jones ( he speaks specifically about jones' zealous christianity ) : """" a lot of people are simply uncomfortable with some people's """" over-religiosity """" or whatever you call it .",3.6,-71.4694,-65.1835,-62.5894
MOP2,en,"He looked up at Athelstan , his face beaming with pride .",10,"[4, 4, 4, 4, 4, 4, 1, 4, 4, 4, 4, 4]",3.75,"he looked up at athelstan , his face beaming with pride .",3.75,-29.1858,-25.7264,-24.4773
MOP2,en,We want to give the children positive memories which they can draw on during the difficult times at home to build a better country .,24,"[4, 4, 4, 4, 4, 4, 4, 4, 4, 4, 4, 4, 4]",4.0,we want to give the children positive memories which they can draw on during the difficult times at home to build a better country .,4.0,-76.0441,-63.2434,-62.0352
MOP2,en,‘ The PLO tried to sabotage the departure of the Muslims .,10,"[4, 4, 4, 4, 4, 4, 4, 4, 4, 4, 4, 4]",4.0,‘ the plo tried to sabotage the departure of the muslims .,4.0,-23.9653,-21.6178,-21.7884
MOP2,en,"MOTOROLA GETS THE GLOVES OFF IN BATTLE WITH ITS OLD RIVAL , PRICES POWERPC PRICED TO BEAT PENTIUM",17,"[1, 4, 1, 4, 1, 4, 1, 1, 1, 1, 1, 1, 4, 1]",1.85714285714,"motorola gets the gloves off in battle with its old rival , prices powerpc priced to beat pentium",1.8571428571428568,-53.1378,-53.2638,-52.8647
MOP2,en,"Mutalibov told Izvestiya , from his hiding place in Russia , that the charges were political persecution .",15,"[4, 4, 4, 4, 4, 4, 4, 1, 4, 4, 4, 4, 4, 4]",3.78571428571,"mutalibov told izvestiya , from his hiding place in russia , that the charges were political persecution .",3.7857142857142856,-41.8819,-38.404,-38.1498
MOP2,en,"My proposition , I assure you , would be to our mutual benefit . ’",11,"[4, 4, 4, 4, 4, 4, 4, 4, 1, 4, 4, 4, 4, 4, 4]",3.8,"my proposition , i assure you , would be to our mutual benefit . ’",3.8,-41.8209,-41.079,-40.2102
MOP2,en,Only in John's Gospel does he make one curious and profoundly interesting statement .,13,"[4, 4, 4, 4, 4, 4, 4, 4, 1, 4, 4, 4, 4, 4]",3.78571428571,only in john's gospel does he make one curious and profoundly interesting statement .,3.7857142857142856,-38.2749,-34.5291,-34.0213
MOP2,en,They were returning from a day's repair and construction work at an army base in Omagh .,16,"[4, 4, 4, 4, 4, 4, 4, 4, 4, 4, 4, 4, 4]",4.0,they were returning from a day's repair and construction work at an army base in omagh .,4.0,-50.7601,-43.6166,-44.2149
MOP2,en,"Inside the top hotels all is First World ordered calm : state-of-the-art swimming pools , satellite television and chocolates on the pillow at night .",22,"[4, 4, 1, 4, 1, 4, 1, 1, 1, 1, 4, 1, 4, 4, 4, 4, 1]",2.58823529412,"inside the top hotels all is first world ordered calm : state-of-the-art swimming pools , satellite television and chocolates on the pillow at night .",2.588235294117647,-71.5142,-67.0513,-66.4864
MOP2,en,It seems strange to extend the hand of friendship and economic co-operation to the same countries that we are threatening with mass extermination .,23,"[4, 4, 4, 4, 4, 4, 4, 4, 4, 4, 4, 4, 4]",4.0,it seems strange to extend the hand of friendship and economic co-operation to the same countries that we are threatening with mass extermination .,4.0,-68.9861,-61.4319,-61.8397
MOP2,en,"The buildings were transformed rather successfully into a gallery for Bohemian art by František Cubr and Josef Pilar , in the 1960s .",21,"[4, 4, 4, 4, 4, 4, 4, 4, 4, 4, 4, 4, 4, 4, 4]",4.0,"the buildings were transformed rather successfully into a gallery for bohemian art by františek cubr and josef pilar , in the 1960s .",4.0,-45.3194,-45.7654,-45.3312
MOP2,en,But the other part cried out against the mere idea of her being someone else's wife .,16,"[4, 4, 4, 4, 4, 4, 4, 4, 4, 1, 4, 4]",3.75,but the other part cried out against the mere idea of her being someone else's wife .,3.75,-53.4992,-43.2803,-43.8449
MOP2,en,These problems or investigations are expected to be diverse .,9,"[4, 4, 4, 4, 4, 4, 4, 4, 4, 4, 4, 4, 1, 1]",3.57142857143,these problems or investigations are expected to be diverse .,3.571428571428572,-31.9175,-26.9284,-26.1953
MOP2,en,Between August 1975 and December 1978 the COS-B satellite observed 2CG342–02 on five occasions and catalogued it as the tenth-strongest γ -ray source .,21,"[4, 4, 4, 4, 4, 4, 4, 4, 4, 4, 4, 4, 4, 4, 4, 4]",4.0,between august 1975 and december 1978 the cos-b satellite observed 2cg342–02 on five occasions and catalogued it as the tenth-strongest γ -ray source .,4.0,-46.1496,-47.3936,-47.4998
MOP2,en,"Not like a Saturday night at all though , not really . ’",10,"[4, 4, 4, 1, 4, 4, 1, 1, 4, 1, 4, 4, 4, 4]",3.14285714286,"not like a saturday night at all though , not really . ’",3.142857142857143,-26.7759,-27.2931,-28.0061
MOP2,en,Hopeful for what he will not miss when it fails,10,"[4, 4, 4, 1, 4, 1, 4, 1, 4, 1, 4, 4, 4]",3.07692307692,hopeful for what he will not miss when it fails,3.076923076923077,-33.7494,-32.966,-32.9058
MOP2,en,And what would you have done if Schemichal got hold of you and threw you off the pitch like last night ?,21,"[4, 4, 4, 4, 4, 4, 4, 4, 4, 4, 4, 4, 4, 4, 4]",4.0,and what would you have done if schemichal got hold of you and threw you off the pitch like last night ?,4.0,-61.6587,-54.205,-55.1977
MOP2,en,I should add that in argument he also invited my attention to paragraph 5(7) and I will refer to that :,20,"[1, 4, 4, 4, 4, 4, 1, 4, 4, 4, 1]",3.18181818182,i should add that in argument he also invited my attention to paragraph 5(7) and i will refer to that :,3.1818181818181817,-67.4125,-63.9979,-65.1155
MOP2,en,"Once I was pleased with the bottom group I copied it , as a mirror image , at the top of the picture .",21,"[4, 4, 1, 4, 4, 4, 4, 4, 4, 4, 4, 1, 4, 4, 1]",3.4,"once i was pleased with the bottom group i copied it , as a mirror image , at the top of the picture .",3.4,-67.3103,-60.7357,-60.2991
MOP2,en,"From then , the path to the double helix was clear .",10,"[4, 4, 1, 4, 4, 4, 1, 4, 4, 4, 4, 4]",3.5,"from then , the path to the double helix was clear .",3.5,-24.7447,-23.0047,-23.1361
MOP2,en,Sun is also preparing its Scorpion eight-way Sparc desktop machine for launch at the SunWorld show on May 11 .,19,"[4, 4, 1, 4, 4, 4, 1, 4, 4, 4, 1, 4, 4, 4, 4]",3.4,sun is also preparing its scorpion eight-way sparc desktop machine for launch at the sunworld show on may 11 .,3.4,-48.063,-47.1357,-46.9835
MOP2,en,Therefore political and economic accounting of the costs and benefits of soil conservation programmes for others outside the directly affected areas is potentially relevant .,24,"[4, 4, 4, 1, 4, 4, 4, 4, 4, 4, 4, 4, 4]",3.76923076923,therefore political and economic accounting of the costs and benefits of soil conservation programmes for others outside the directly affected areas is potentially relevant .,3.769230769230769,-81.0984,-78.0467,-76.1156
MOP2,en,Does he further agree that there is a need to reopen neighbourhood police stations and to put more emphasis on community policing ?,22,"[4, 4, 4, 4, 4, 4, 4, 4, 4, 1, 4, 4, 4, 4, 4]",3.8,does he further agree that there is a need to reopen neighbourhood police stations and to put more emphasis on community policing ?,3.8,-59.7288,-52.0968,-54.7296
MOP2,en,A fortnight later Edward sealed the text and issued it to all sheriffs .,13,"[4, 4, 4, 4, 4, 4, 4, 4, 1, 1, 4, 4, 4, 4]",3.57142857143,a fortnight later edward sealed the text and issued it to all sheriffs .,3.571428571428572,-36.5044,-37.5705,-37.3344
MOP2,en,"Since then , it has been as keenly followed as many full-length TV programmes .",13,"[4, 4, 4, 4, 4, 4, 4, 4, 4, 4, 4, 1, 4, 4]",3.78571428571,"since then , it has been as keenly followed as many full-length tv programmes .",3.7857142857142856,-30.6819,-28.7678,-29.3248
MOP2,en,Questionnaires sent by post are not returned and interviews are refused .,11,"[4, 4, 4, 4, 4, 4, 4, 4, 1, 4, 4, 4]",3.75,questionnaires sent by post are not returned and interviews are refused .,3.75,-40.9364,-36.9048,-36.8308
MOP2,en,"The operation will eventually involve more than 35,000 troops from at least nine countries .",14,"[4, 4, 4, 4, 4, 4, 4, 4, 4, 4, 4, 4, 4]",4.0,"the operation will eventually involve more than 35,000 troops from at least nine countries .",4.0,-44.3083,-39.9827,-40.2637
MOP2,en,UI will no longer be just a requirements body or a marketing arm for USL .,15,"[4, 4, 4, 4, 4, 4, 1, 4, 4, 1, 4, 4, 4]",3.53846153846,ui will no longer be just a requirements body or a marketing arm for usl .,3.5384615384615383,-42.6254,-38.4791,-38.5161
MOP2,en,Before explaining how to tackle a course race it is worth looking at what makes one sailor go faster than another .,21,"[4, 4, 4, 4, 1, 4, 4, 4, 4, 4, 4, 4, 4, 4]",3.78571428571,before explaining how to tackle a course race it is worth looking at what makes one sailor go faster than another .,3.7857142857142856,-74.9446,-65.5687,-66.9542
MOP2,en,Only there was nowhere else she could go .,8,"[4, 4, 4, 4, 4, 4, 4, 4, 4, 4, 4, 4, 4, 4, 4]",4.0,only there was nowhere else she could go .,4.0,-27.5023,-23.4809,-24.2742
MOP2,en,"Though his features looked as if they'd been carved from stone , in the depths of his gaze something stirred .",19,"[4, 4, 4, 4, 4, 4, 4, 4, 4, 4, 4, 4, 4, 4]",4.0,"though his features looked as if they'd been carved from stone , in the depths of his gaze something stirred .",4.0,-61.6865,-54.8406,-53.5605
MOP2,en,"On both topics , however , the status quo has changed radically compared to 1979 .",13,"[4, 4, 4, 4, 4, 4, 4, 4, 4, 4, 4, 4, 4, 4, 4, 4, 4]",4.0,"on both topics , however , the status quo has changed radically compared to 1979 .",4.0,-44.1006,-31.571,-30.9267
MOP2,en,These percentages were not uniform across the country : local specialities dictated what was available .,14,"[4, 4, 4, 4, 4, 4, 4, 4, 1, 4, 4, 4, 4, 4]",3.78571428571,these percentages were not uniform across the country : local specialities dictated what was available .,3.7857142857142856,-49.4016,-45.3672,-44.0931
MOP2,en,"‘ I can't hear anything , ’ said the chaplain angrily .",8,"[4, 4, 4, 4, 4, 4, 4, 4, 4, 4, 4, 4, 4, 4, 4]",4.0,"‘ i can't hear anything , ’ said the chaplain angrily .",4.0,-34.1559,-34.77,-34.8442
MOP2,en,‘ We may never know the exact number of deaths .,9,"[4, 4, 4, 4, 4, 4, 4, 4, 4, 4, 4, 4, 4, 4, 4]",4.0,‘ we may never know the exact number of deaths .,4.0,-31.3912,-25.713,-26.239
MOP2,en,These were rejected on April 17 and 18 respectively .,9,"[4, 4, 4, 4, 4, 4, 4, 4, 4, 4, 4, 4, 4, 4, 4]",4.0,these were rejected on april 17 and 18 respectively .,4.0,-36.2847,-35.0412,-34.9918
MOP2,en,"Women , Art and Society is a synthesis of work that has been progressing for twenty years about women and the visual arts .",22,"[1, 4, 4, 1, 4, 4, 4, 1, 4, 1, 1, 4]",2.75,"women , art and society is a synthesis of work that has been progressing for twenty years about women and the visual arts .",2.75,-66.2397,-63.157,-63.3909
MOP2,en,At his own expense he established no less than twenty-two charity schools in Pembrokeshire alone .,15,"[4, 4, 4, 4, 4, 4, 4, 4, 4, 4, 4, 4, 4, 4, 4]",4.0,at his own expense he established no less than twenty-two charity schools in pembrokeshire alone .,4.0,-50.6883,-42.9749,-42.3329
MOP2,en,Soil deformation during a quake could bend pipelines as though they were strands of copper wire .,16,"[4, 4, 4, 4, 4, 4, 4, 4, 4, 4, 4, 4, 4, 4]",4.0,soil deformation during a quake could bend pipelines as though they were strands of copper wire .,4.0,-52.8578,-45.8221,-46.0899
MOP2,en,Within a few days of his election he already knew that the way to realize this ‘ new Pentecost ’ was an Ecumenical Council .,22,"[4, 4, 4, 4, 4, 4, 4, 4, 4, 4, 4, 4, 1, 4]",3.78571428571,within a few days of his election he already knew that the way to realize this ‘ new pentecost ’ was an ecumenical council .,3.7857142857142856,-60.8627,-49.9655,-50.1252
MOP2,en,To follow Jesus as his disciples means that we too face opposition to living like him .,16,"[4, 4, 4, 4, 4, 1, 4, 4, 4, 4, 1, 4, 4]",3.53846153846,to follow jesus as his disciples means that we too face opposition to living like him .,3.5384615384615383,-49.0828,-43.5797,-43.0218
MOP2,en,His wheels ran into the wet turf and the whole machine crumpled and fell to its knees like an animal shot in the chest .,24,"[4, 4, 4, 4, 4, 4, 4, 4, 4, 4, 4, 4, 4, 4]",4.0,his wheels ran into the wet turf and the whole machine crumpled and fell to its knees like an animal shot in the chest .,4.0,-79.63,-70.5306,-70.2855
MOP2,en,"Jenna stopped and faced him angrily , but before she could speak he tilted her face with a strong brown hand .",20,"[4, 4, 4, 4, 4, 4, 4, 4, 4, 4, 4, 4, 4, 4, 4, 4]",4.0,"jenna stopped and faced him angrily , but before she could speak he tilted her face with a strong brown hand .",4.0,-64.0421,-57.9156,-57.5248
MOP2,en,Next day one of 252 Squadron's newly-arrived Beaufighters ( T3237 ) was mistaken for a Ju88 while on a local flight .,19,"[1, 4, 1, 4, 4, 4, 1, 4, 4, 4, 4, 1, 4, 1, 4]",3.0,next day one of 252 squadron's newly-arrived beaufighters ( t3237 ) was mistaken for a ju88 while on a local flight .,3.0,-45.4895,-40.1664,-40.9742
MOP2,en,"Carrington watched the sea for the first two hours , enchanted by the Scandinavian night , then went to sleep .",18,"[4, 4, 4, 4, 4, 4, 4, 4, 4, 4, 4, 4, 4, 4, 4]",4.0,"carrington watched the sea for the first two hours , enchanted by the scandinavian night , then went to sleep .",4.0,-51.4855,-39.7343,-38.5934
MOP2,en,It was originally recorded as a cot death and there was no inquest but there will now be an inquest .,20,"[4, 4, 1, 4, 4, 4, 4, 4, 1, 4, 4, 4, 4, 4]",3.57142857143,it was originally recorded as a cot death and there was no inquest but there will now be an inquest .,3.571428571428572,-60.7468,-51.8011,-51.9518
MOP2,en,"The pictorial composition of your shots is one of those areas where rules have grown up which , though seemingly arbitrary , actually work well in practice .",25,"[4, 4, 4, 1, 4, 1, 4, 4, 4, 4, 1, 1, 1]",2.84615384615,"the pictorial composition of your shots is one of those areas where rules have grown up which , though seemingly arbitrary , actually work well in practice .",2.8461538461538463,-85.8204,-80.6178,-78.3812
MOP2,en,It was a far cry from the golden court of the City of the Horizon . ’,15,"[4, 4, 4, 4, 4, 4, 4, 4, 4, 4, 4, 4, 4, 4]",4.0,it was a far cry from the golden court of the city of the horizon . ’,4.0,-43.3511,-34.7554,-33.9264
MOP2,en,"‘ Political in the sense that if I threw this glass of water over you in an interview , that would be a political act .",23,"[4, 4, 1, 4, 4, 1, 4, 4, 4, 4, 4, 4]",3.5,"‘ political in the sense that if i threw this glass of water over you in an interview , that would be a political act .",3.5,-70.4764,-66.0973,-63.2891
MOP2,en,"‘ So you're going solo now , ’ said the victim , fumbling for her smokes again .",13,"[4, 4, 4, 4, 4, 4, 4, 4, 4, 4, 4, 4, 4, 4, 4, 4]",4.0,"‘ so you're going solo now , ’ said the victim , fumbling for her smokes again .",4.0,-50.7454,-49.2127,-49.9079
MOP2,en,Here are ten assorted uses for this book ;,8,"[4, 4, 4, 4, 4, 4, 4, 4, 4, 4, 4, 1, 4, 4, 4]",3.8,here are ten assorted uses for this book ;,3.8,-31.7897,-30.5803,-34.8144
MOP2,en,"‘ Still in deep , old Michael , I should imagine .",8,"[4, 1, 1, 1, 1, 1, 4, 4, 1, 1, 1, 1, 4]",1.92307692308,"‘ still in deep , old michael , i should imagine .",1.9230769230769231,-29.2871,-31.7841,-31.7255
MOP2,en,"One sports injury on the increase is sportsman's , or Gilmore's groin which occurs when tendons in the groin tear due to excessive stretching and twisting .",25,"[1, 4, 4, 4, 4, 4, 4, 4, 4, 4, 1, 4]",3.5,"one sports injury on the increase is sportsman's , or gilmore's groin which occurs when tendons in the groin tear due to excessive stretching and twisting .",3.5,-80.4099,-76.1546,-76.6049
MOP2,en,"The main difference between sections 18 and 20 lies in the fault element , and it is a considerable difference .",19,"[4, 4, 4, 4, 4, 1, 4, 4, 4, 4, 4, 4, 4, 4, 4, 4]",3.8125,"the main difference between sections 18 and 20 lies in the fault element , and it is a considerable difference .",3.8125,-60.6772,-54.8104,-54.8476
MOP2,en,"Ideal for a small flat , the washer/dryer is as sophisticated as the one in the main house's utility room .",19,"[4, 4, 4, 1, 4, 4, 4, 4, 1, 4, 4]",3.45454545455,"ideal for a small flat , the washer/dryer is as sophisticated as the one in the main house's utility room .",3.4545454545454546,-46.1195,-43.6695,-44.6338
MOP2,en,Robbie saw now that he was a clergyman .,8,"[4, 4, 4, 4, 4, 4, 4, 4, 4, 4, 4, 4, 4, 4, 4, 4]",4.0,robbie saw now that he was a clergyman .,4.0,-22.5784,-18.2094,-18.2931
MOP2,en,"The deputy chairman of the council of ministers , Boris Shcherbina , forbade evacuation of the countryside around Chernobyl until a government commission had arrived from Moscow .",25,"[4, 4, 4, 4, 4, 4, 4, 4, 4, 4, 4, 4, 4, 4, 4, 4]",4.0,"the deputy chairman of the council of ministers , boris shcherbina , forbade evacuation of the countryside around chernobyl until a government commission had arrived from moscow .",4.0,-69.1626,-63.3849,-62.9419
MOP2,en,"The weekend was associated with an increase in volatility , in accordance with expectations .",13,"[4, 4, 4, 4, 4, 4, 4, 4, 4, 4, 4, 4, 4]",4.0,"the weekend was associated with an increase in volatility , in accordance with expectations .",4.0,-37.9714,-29.3497,-28.9607
MOP2,en,All she had to do was get a good night's sleep .,11,"[4, 4, 4, 4, 4, 4, 4, 4, 4, 4, 1, 4, 4, 4]",3.78571428571,all she had to do was get a good night's sleep .,3.7857142857142856,-34.3615,-29.2669,-28.4838
MOP2,en,A TOWN farm is ploughing ahead with fundraising schemes to help handicapped people and plans to roof in a riding area for the disabled .,24,"[4, 4, 1, 4, 1, 4, 1, 4, 4, 1, 1, 4, 1, 4, 4]",2.8,a town farm is ploughing ahead with fundraising schemes to help handicapped people and plans to roof in a riding area for the disabled .,2.8,-72.7666,-70.5434,-70.2307
MOP2,en,"‘ All credit to Gavin gave me the ball in the end , with a little persuasion .",15,"[4, 1, 1, 1, 4, 1, 1, 1, 1, 1, 4, 1, 1, 1, 1]",1.6,"‘ all credit to gavin gave me the ball in the end , with a little persuasion .",1.6,-42.4368,-37.4434,-37.5707
MOP2,en,The first drafts of The Prelude were written in Germany during the winter of 1798–9 .,15,"[4, 4, 4, 4, 4, 4, 4, 4, 4, 4, 4, 4, 4, 4, 4, 4]",4.0,the first drafts of the prelude were written in germany during the winter of 1798–9 .,4.0,-40.0235,-34.8576,-34.3142
MOP2,en,Soldiers will no longer be given free cigarettes .,8,"[4, 4, 4, 4, 4, 4, 4, 4, 4, 4, 4, 4, 4, 4, 4, 4, 4]",4.0,soldiers will no longer be given free cigarettes .,4.0,-30.9693,-25.0161,-25.6069
MOP2,en,They came to the kind of unspoken understanding real twins enjoy .,11,"[4, 4, 4, 4, 4, 4, 4, 1, 4, 4]",3.7,they came to the kind of unspoken understanding real twins enjoy .,3.7,-39.6574,-35.1735,-35.2824
MOP2,en,"‘ Harbury's the crime man , ’ said a voice , ‘ what's his opinion ? ’",10,"[1, 4, 4, 4, 4, 4, 4, 4, 4, 4, 1, 4, 1, 1, 4]",3.2,"‘ harbury's the crime man , ’ said a voice , ‘ what's his opinion ? ’",3.2,-34.327,-35.8914,-35.7325
MOP2,en,Dustin's neat Beatle cut is slightly tousled and there is a close-up of a mole on his right shoulder .,19,"[4, 4, 4, 4, 4, 4, 4, 1, 1, 4, 4, 4, 4]",3.53846153846,dustin's neat beatle cut is slightly tousled and there is a close-up of a mole on his right shoulder .,3.5384615384615383,-52.4265,-43.9559,-43.7323
MOP2,en,"By the late 1940s there was a wider range of prepackaged grocery lines available , and improvements had been made in the quality of packaging .",24,"[4, 4, 4, 4, 4, 4, 4, 4, 4, 4, 4, 4, 4, 4, 4, 4, 4, 4]",4.0,"by the late 1940s there was a wider range of prepackaged grocery lines available , and improvements had been made in the quality of packaging .",4.0,-72.1255,-62.5871,-63.8122
MOP2,en,"After the starkly factual ‘ Headpiece filled with straw ’ comes that most absurdly poetic word of all , indicating the speaker's weakness .",20,"[1, 4, 4, 1, 4, 1, 4, 1, 4, 1, 1, 4, 1, 1]",2.28571428571,"after the starkly factual ‘ headpiece filled with straw ’ comes that most absurdly poetic word of all , indicating the speaker's weakness .",2.2857142857142856,-63.8412,-60.7455,-60.6352
MOP2,en,‘ I thought it was some weirdo and when I asked who was calling the voice yelled : ‘ It's me ! ’,18,"[4, 4, 4, 4, 4, 4, 4, 4, 4, 4, 4, 4]",4.0,‘ i thought it was some weirdo and when i asked who was calling the voice yelled : ‘ it's me ! ’,4.0,-61.9664,-58.6068,-59.3355
MOP2,en,"‘ I shouldn't , ’ the attendant said , but then smiled broadly .",9,"[4, 4, 4, 4, 4, 4, 4, 4, 4, 4, 4, 4, 4, 4]",4.0,"‘ i shouldn't , ’ the attendant said , but then smiled broadly .",4.0,-37.8394,-38.4233,-39.1853
MOP2,en,"‘ Well , it's not a bad idea , is it ?",8,"[4, 4, 4, 4, 4, 4, 4, 4, 4, 4, 4, 4]",4.0,"‘ well , it's not a bad idea , is it ?",4.0,-27.3469,-26.3337,-26.8403
MOP2,en,"The beauty of glass , he wrote , is this , that the surface does not have to be covered .",17,"[4, 4, 4, 4, 4, 4, 4, 4, 4, 4, 4, 1, 1]",3.53846153846,"the beauty of glass , he wrote , is this , that the surface does not have to be covered .",3.5384615384615383,-49.3472,-40.7202,-40.802
MOP2,en,The Cougar mould was last used about 8 years ago and is past its best ; he suggests the Mirage is similar to the Cougar .,24,"[4, 4, 4, 4, 4, 4, 4, 1, 1, 4, 4, 4, 4]",3.53846153846,the cougar mould was last used about 8 years ago and is past its best ; he suggests the mirage is similar to the cougar .,3.5384615384615383,-60.1861,-61.8735,-60.9385
MOP2,en,"‘ I'd better have a word , ’ said the Brigadier , withdrawing his head and opening the door .",15,"[4, 4, 4, 4, 4, 4, 4, 4, 4, 4, 4, 4, 4, 4, 4, 4]",4.0,"‘ i'd better have a word , ’ said the brigadier , withdrawing his head and opening the door .",4.0,-47.0021,-44.1495,-45.3326
MOP2,en,Some slogans and ideas from the ‘ Democracy Wall Movement ’ of 1978–79 received another brief hearing during these days .,18,"[4, 4, 1, 4, 4, 4, 4, 4, 4, 4, 4, 4, 4, 4]",3.78571428571,some slogans and ideas from the ‘ democracy wall movement ’ of 1978–79 received another brief hearing during these days .,3.7857142857142856,-60.4288,-55.5706,-55.2194
MOP2,en,"The Metropolitan Police settled in the High Court the damages claim of cameraman Mr Anthony Walsh , whose spine was injured during the Wapping dispute .",24,"[4, 1, 4, 4, 4, 4, 4, 4, 4, 4, 4, 4, 4]",3.76923076923,"the metropolitan police settled in the high court the damages claim of cameraman mr anthony walsh , whose spine was injured during the wapping dispute .",3.769230769230769,-58.962,-57.2725,-57.1979
MOP2,en,"‘ If I get another couple of shillings out of it , haven't I earned them ?",14,"[4, 4, 4, 4, 4, 4, 4, 4, 4, 4, 4, 4, 4, 4, 4, 4]",4.0,"‘ if i get another couple of shillings out of it , haven't i earned them ?",4.0,-52.9494,-51.9803,-51.3068
MOP2,en,‘ We have a tail already locked on to Tweed .,9,"[4, 1, 1, 4, 4, 1, 4, 4, 4, 4, 4, 4, 1]",3.07692307692,‘ we have a tail already locked on to tweed .,3.076923076923077,-32.2785,-29.0977,-29.4196
MOP2,en,"He turned , stiff and cold , to see an anxious young man , blond cropped hair , worried eyes and pock-marked face .",19,"[4, 4, 4, 4, 4, 4, 1, 4, 4, 4, 1, 4, 1, 4]",3.35714285714,"he turned , stiff and cold , to see an anxious young man , blond cropped hair , worried eyes and pock-marked face .",3.357142857142857,-65.6802,-63.513,-64.1131
MOP2,en,A durable well constructed store is therefore indicated .,8,"[4, 1, 4, 4, 4, 4, 4, 4, 4, 4, 1, 1, 4]",3.30769230769,a durable well constructed store is therefore indicated .,3.3076923076923075,-31.4003,-30.6714,-30.1996
MOP2,en,"Fill gaps , identify queries and note points for immediate follow up .",11,"[1, 4, 4, 4, 1, 4, 1, 4, 4, 1, 4, 4, 4, 1]",2.92857142857,"fill gaps , identify queries and note points for immediate follow up .",2.9285714285714284,-41.5496,-43.9869,-43.5696
MOP2,en,And he blows the smoke back into my mouth .,9,"[4, 4, 4, 4, 4, 4, 4, 4, 4, 4, 4, 4, 4, 4]",4.0,and he blows the smoke back into my mouth .,4.0,-30.2544,-27.2049,-27.5776
MOP2,en,"The genetic spray was described as a very exciting development by another of the team's scientists , Dr Julia Dorin .",19,"[4, 1, 4, 4, 4, 4, 1, 4, 4, 4, 4, 4, 4, 4]",3.57142857143,"the genetic spray was described as a very exciting development by another of the team's scientists , dr julia dorin .",3.571428571428572,-48.0639,-44.638,-45.4785
MOP2,en,"The old Highways Yard in Rigby Road with its railway connection , seemed to offer an ideal site .",17,"[1, 4, 4, 4, 4, 4, 4, 4, 4, 4, 4]",3.72727272727,"the old highways yard in rigby road with its railway connection , seemed to offer an ideal site .",3.727272727272727,-57.2467,-55.5917,-55.799
MOP2,en,"Jodami and Rushing Wild jumped the last together , and Jodami found the vital extra gear to edge away .",18,"[4, 1, 1, 4, 4, 4, 4, 1, 4, 1, 4, 4, 4]",3.07692307692,"jodami and rushing wild jumped the last together , and jodami found the vital extra gear to edge away .",3.076923076923077,-56.2806,-55.6431,-55.4391
MOP2,en,Is it possible to see private affluence co-existing with corporate poverty ?,11,"[4, 4, 4, 4, 4, 4, 4, 4, 4, 4, 4, 4, 4, 4, 4, 4, 4]",4.0,is it possible to see private affluence co-existing with corporate poverty ?,4.0,-37.665,-35.3413,-38.4458
MOP2,en,"One of Jay's drawled phrases , as she pubbed and clubbed and waded through hung-over mornings of coffee and endless cigarettes , was ‘ I'm a night-owl , honey . ’",25,"[4, 1, 4, 4, 4, 1, 4, 4, 4, 1, 4, 4, 4]",3.30769230769,"one of jay's drawled phrases , as she pubbed and clubbed and waded through hung-over mornings of coffee and endless cigarettes , was ‘ i'm a night-owl , honey . ’",3.3076923076923075,-71.399,-67.7142,-67.7509
MOP2,en,Villagers fight to block sale of ancient common,8,"[1, 1, 4, 4, 4, 1, 1, 4, 4, 4, 1, 4, 1, 4]",2.71428571429,villagers fight to block sale of ancient common,2.7142857142857144,-25.5903,-26.9033,-26.6172
MOP2,en,There are various ways in which a recovery can be obtained : —,11,"[4, 4, 4, 1, 1, 4, 4, 4, 4, 4, 4]",3.45454545455,there are various ways in which a recovery can be obtained : —,3.4545454545454546,-37.3319,-31.7308,-31.1438
MOP2,en,"‘ By the road , it seems a long way , but I need only to walk a kilometre across the fields beyond the farm .",22,"[4, 4, 4, 4, 4, 4, 4, 4, 4, 1, 4, 4, 4, 4]",3.78571428571,"‘ by the road , it seems a long way , but i need only to walk a kilometre across the fields beyond the farm .",3.7857142857142856,-66.096,-55.4214,-55.5749
MOP2,en,And Notes from Underground is precisely such a fable of disembodied consciousness .,12,"[4, 1, 4, 4, 1, 4, 1, 4, 4, 4, 1]",2.90909090909,and notes from underground is precisely such a fable of disembodied consciousness .,2.909090909090909,-45.019,-42.277,-42.8885
MOP2,en,We got our film crew and sat Robin down in front of our rushes .,14,"[4, 4, 1, 4, 4, 4, 1, 4, 4, 4, 1, 4, 4, 4]",3.35714285714,we got our film crew and sat robin down in front of our rushes .,3.357142857142857,-45.1821,-39.0651,-37.742
MOP2,en,"Conservative candidate Robert Goodwill , has written to Labour's Marjorie Mowlam asking her to clarify her personal position on the nuclear defence capability of the country .",25,"[4, 4, 4, 4, 4, 4, 4, 4, 1, 4, 4, 4, 4, 4]",3.78571428571,"conservative candidate robert goodwill , has written to labour's marjorie mowlam asking her to clarify her personal position on the nuclear defence capability of the country .",3.7857142857142856,-58.9195,-53.8956,-54.0373
MOP2,en,"The Arab masses , indignant at the western humiliation of Saddam Hussein , were expected to rise up against their pro-western leaders .",20,"[4, 4, 4, 4, 4, 4, 4, 4, 4, 4, 4, 4, 4, 4, 4, 4]",4.0,"the arab masses , indignant at the western humiliation of saddam hussein , were expected to rise up against their pro-western leaders .",4.0,-54.1741,-49.4317,-49.6777
MOP2,en,SOME of America's most powerful men are worried sick after the theft of an address book belonging to New York's most notorious madam .,23,"[4, 4, 4, 4, 4, 4, 4, 4, 4, 4, 4, 4, 4, 4]",4.0,some of america's most powerful men are worried sick after the theft of an address book belonging to new york's most notorious madam .,4.0,-74.5599,-66.7943,-66.5695
MOP2,en,"Neil Cossons , the director of the Science Museum , is confident the old numbers can be restored .",16,"[4, 4, 4, 4, 4, 4, 4, 4, 4, 4, 4, 4, 4, 4]",4.0,"neil cossons , the director of the science museum , is confident the old numbers can be restored .",4.0,-47.8202,-44.961,-44.7944
MOP2,en,"However , students taking resit examinations for exceptional reasons , such as an examination missed through illness , are usually allowed to count the full marks earned .",24,"[4, 4, 4, 1, 4, 4, 4, 4, 4, 1, 4, 4, 4, 4, 4]",3.6,"however , students taking resit examinations for exceptional reasons , such as an examination missed through illness , are usually allowed to count the full marks earned .",3.6,-85.4334,-78.8002,-78.5575
MOP2,en,"It would be a good exercise to compare this electrical system with the purely acoustic string telephone in Part 1 ( November , 1991 issue ) .",23,"[4, 4, 1, 4, 4, 4, 4, 4, 1, 4, 4, 1, 4, 4, 4]",3.4,"it would be a good exercise to compare this electrical system with the purely acoustic string telephone in part 1 ( november , 1991 issue ) .",3.4,-69.6552,-66.2679,-65.4884
MOP2,en,AID TRIP GIVES PUPILS A LESSON IN THIRD WORLD POVERTY AND FEAR,12,"[4, 1, 4, 4, 4, 4, 4, 1, 4, 4, 1, 4, 4, 1, 4, 1, 4]",3.11764705882,aid trip gives pupils a lesson in third world poverty and fear,3.117647058823529,-44.4413,-46.1847,-45.5698
MOP2,en,"She noticed his fingers were trembling , and her anger faded , replaced instead by a wild and optimistic hope .",18,"[4, 4, 4, 4, 4, 4, 4, 4, 4, 4, 4, 4, 4, 4]",4.0,"she noticed his fingers were trembling , and her anger faded , replaced instead by a wild and optimistic hope .",4.0,-62.45,-60.0781,-59.9548
MOP2,en,"In the jargon of quantum mechanics , this choice of behaviour is called the statistics obeyed by the particle .",18,"[4, 4, 1, 4, 4, 4, 1, 4, 4, 1, 4, 4, 4, 4, 4, 4, 1]",3.29411764706,"in the jargon of quantum mechanics , this choice of behaviour is called the statistics obeyed by the particle .",3.294117647058824,-60.6112,-59.6769,-59.411
MOP2,en,"You can format your spreadsheet manually , or design your own speedformat routine .",12,"[4, 4, 4, 4, 4, 4, 4, 4, 4, 4, 4, 4]",4.0,"you can format your spreadsheet manually , or design your own speedformat routine .",4.0,-37.6338,-36.362,-36.3629
MOP2,en,"He came to an arrangement with two more actors , gave the camera crews some private pocket money and turned the film over to his assistants .",25,"[4, 4, 4, 4, 4, 4, 4, 4, 4, 4, 4, 4, 4, 4, 4]",4.0,"he came to an arrangement with two more actors , gave the camera crews some private pocket money and turned the film over to his assistants .",4.0,-81.0008,-76.0176,-75.1152
MOP2,en,CELIA ALMOST WELCOMED the idea of going to work .,9,"[4, 1, 4, 4, 4, 4, 4, 1, 4, 4, 4, 4, 4, 4, 4, 4]",3.625,celia almost welcomed the idea of going to work .,3.625,-26.6029,-21.4617,-22.1737
MOP2,en,"I can only suppose that my name had respectable associations , and he thought it might allay criticism in what might be called Athenaeum circles .",24,"[4, 4, 4, 4, 4, 4, 4, 4, 4, 4, 4, 4]",4.0,"i can only suppose that my name had respectable associations , and he thought it might allay criticism in what might be called athenaeum circles .",4.0,-74.0619,-63.7844,-64.6898
MOP2,en,"‘ Earth to earth , ashes to ashes , dust to dust … ’",9,"[4, 4, 4, 4, 4, 4, 4, 4, 4, 4, 4, 4, 4, 4, 4]",4.0,"‘ earth to earth , ashes to ashes , dust to dust … ’",4.0,-35.9443,-40.0807,-39.4746
MOP2,en,"‘ It so happened that No 5 Air School was not far away from the mine where Churchill hid during the Boer War , ’ Clifford recalls .",24,"[4, 4, 4, 4, 4, 4, 4, 4, 4, 4, 1, 4, 4, 4, 4, 4]",3.8125,"‘ it so happened that no 5 air school was not far away from the mine where churchill hid during the boer war , ’ clifford recalls .",3.8125,-69.2902,-62.878,-60.5057
MOP2,en,"I enjoy working things out with numbers , e.g. how much wallpaper or carpet I need to buy",17,"[4, 4, 4, 4, 4, 4, 4, 4, 4, 4, 4]",4.0,"i enjoy working things out with numbers , e.g. how much wallpaper or carpet i need to buy",4.0,-57.9242,-54.9878,-54.504
MOP2,en,"Not only will the test be easier in the future , but it should also be cheaper too .",17,"[4, 4, 4, 4, 4, 4, 4, 4, 4, 4, 4]",4.0,"not only will the test be easier in the future , but it should also be cheaper too .",4.0,-49.6635,-45.8828,-45.0461
MOP2,en,I then turned the picture round and completed the other two sides .,12,"[4, 4, 4, 4, 4, 4, 4, 4, 4, 4, 4, 4, 4, 4, 4]",4.0,i then turned the picture round and completed the other two sides .,4.0,-41.4973,-37.4047,-38.0936
MOP2,en,"If so , could they share the knowledge with us ?",9,"[4, 4, 4, 4, 4, 4, 4, 4, 4, 4, 4, 4, 4, 4, 4, 4, 4]",4.0,"if so , could they share the knowledge with us ?",4.0,-25.7997,-26.7291,-26.5069
MOP2,en,U2 LAST night unveiled their stunning new video Interference at a spectacular bash at London's Planetarium …,16,"[4, 4, 1, 4, 1, 4, 4, 4, 4, 4, 4, 4, 4]",3.53846153846,u2 last night unveiled their stunning new video interference at a spectacular bash at london's planetarium …,3.5384615384615383,-41.7293,-40.4554,-40.236
MOP2,en,But Mr. Leggatt hoped that the lack of space for burials would not lead to restrictions in the future .,19,"[4, 4, 4, 4, 4, 4, 4, 4, 4, 4, 4, 4, 4]",4.0,but mr. leggatt hoped that the lack of space for burials would not lead to restrictions in the future .,4.0,-46.9973,-37.0251,-37.171
MOP2,en,"My social worker who gave me advice asked if I wanted adoption or fostering , and I said fostering ( it was a white family ) .",23,"[4, 4, 4, 4, 4, 4, 4, 4, 4, 4, 4, 1, 1, 4]",3.57142857143,"my social worker who gave me advice asked if i wanted adoption or fostering , and i said fostering ( it was a white family ) .",3.571428571428572,-87.5082,-83.4012,-82.5433
MOP2,en,The results clearly show a high prevalence of oesophagitis in the adult asthmatic population .,14,"[4, 4, 4, 4, 4, 4, 4, 4, 4, 4, 4, 4]",4.0,the results clearly show a high prevalence of oesophagitis in the adult asthmatic population .,4.0,-39.8822,-34.7697,-35.2867
MOP2,en,"For this reason it was really only suited to the manufacture of plywood , for which it was immensely successful .",19,"[4, 4, 4, 4, 4, 4, 4, 4, 4, 4, 4, 4, 4, 4]",4.0,"for this reason it was really only suited to the manufacture of plywood , for which it was immensely successful .",4.0,-51.9586,-44.2053,-46.4104
MOP2,en,But I guess they have got something to point to if they've built good roads and railways and so on .,20,"[4, 4, 4, 4, 4, 1, 4, 4, 4, 4, 4, 4, 4, 4]",3.78571428571,but i guess they have got something to point to if they've built good roads and railways and so on .,3.7857142857142856,-67.6716,-63.7296,-61.1009
MOP2,en,‘ Can you name the disciples ? ’ asked one journalist .,8,"[4, 4, 4, 4, 4, 4, 4, 4, 4, 4, 4, 4, 4, 4, 4, 4]",4.0,‘ can you name the disciples ? ’ asked one journalist .,4.0,-32.0331,-32.0776,-32.2729
MOP2,en,"Tom-Frode , Odd-Knut and Tony wait for us to arrive .",9,"[4, 4, 4, 4, 4, 4, 4, 4, 4, 4, 4, 4, 4, 4]",4.0,"tom-frode , odd-knut and tony wait for us to arrive .",4.0,-20.387,-18.2843,-17.9025
MOP2,en,The white lines show the body's electric force which energy-giving crystals can tune into,14,"[1, 4, 4, 4, 4, 4, 4, 4, 4, 4, 4, 4, 4, 4, 4, 4]",3.8125,the white lines show the body's electric force which energy-giving crystals can tune into,3.8125,-41.4006,-43.7867,-43.3931
MOP2,en,One of the American networks wants to do a television interview .,11,"[4, 4, 4, 4, 4, 4, 4, 4, 4, 4, 4, 4, 4, 4, 4]",4.0,one of the american networks wants to do a television interview .,4.0,-33.2374,-27.9058,-28.1102
MOP2,en,"Guinness provides financial support to organisations engaged in medical research , health , youth , environment and conservation , employment and enterprise trusts , education and the arts .",23,"[4, 4, 1, 4, 4, 4, 4, 4, 4, 4, 4, 4, 4, 4, 4, 4, 4]",3.82352941176,"guinness provides financial support to organisations engaged in medical research , health , youth , environment and conservation , employment and enterprise trusts , education and the arts .",3.823529411764706,-83.4456,-75.651,-73.2731
MOP2,en,"A gang of Muslim extremists believed her story , and the results were dire .",13,"[4, 4, 4, 4, 4, 4, 4, 4, 4, 4, 4, 4]",4.0,"a gang of muslim extremists believed her story , and the results were dire .",4.0,-40.3679,-38.7928,-39.2539
MOP2,en,"The rain which would turn their campground to mud , and fill the cisterns of Famagusta .",15,"[4, 4, 4, 1, 4, 1, 4, 4, 1, 1, 4, 1, 4]",2.84615384615,"the rain which would turn their campground to mud , and fill the cisterns of famagusta .",2.8461538461538463,-33.5556,-30.6236,-30.9233
MOP2,en,Questions can be asked by The Speaker ( see below ) or the player who has just thrown ( or would have just thrown ),21,"[4, 4, 4, 4, 4, 4, 4, 4, 4, 4, 4, 4, 4]",4.0,questions can be asked by the speaker ( see below ) or the player who has just thrown ( or would have just thrown ),4.0,-77.9371,-69.0216,-67.7729
MOP2,en,"The second limiting factor was less immediate , but of greater potential impact .",12,"[4, 4, 4, 4, 4, 4, 4, 4, 4, 4, 4, 4, 4]",4.0,"the second limiting factor was less immediate , but of greater potential impact .",4.0,-41.6806,-42.605,-42.2625
MOP2,en,"Once the nest is completed , the male sets off in search of a female .",14,"[4, 4, 4, 4, 4, 4, 4, 4, 1, 4, 4, 4, 4, 4, 4, 4]",3.8125,"once the nest is completed , the male sets off in search of a female .",3.8125,-42.3013,-42.6211,-41.0783
MOP2,en,of them revealed that they had been the victims of marital rape .,12,"[1, 1, 1, 1, 1, 4, 1, 1, 1, 4]",1.6,of them revealed that they had been the victims of marital rape .,1.6,-40.3363,-35.9537,-36.3078
MOP2,en,The government has plans to reverse the process by reforestation and investment in projects of sustained development .,17,"[4, 4, 4, 4, 4, 4, 4, 4, 4, 4, 4, 4, 4, 4]",4.0,the government has plans to reverse the process by reforestation and investment in projects of sustained development .,4.0,-50.6789,-47.5214,-47.5331
MOP2,en,He does not deign to compare the British and the French railways .,12,"[4, 4, 4, 4, 4, 4, 4, 4, 4, 4, 4, 4, 4]",4.0,he does not deign to compare the british and the french railways .,4.0,-27.1763,-21.0354,-21.3012
MOP2,en,"Lay the child on his back , turn his head and remove any debris in his mouth with your finger .",19,"[4, 4, 4, 4, 4, 4, 4, 4, 4, 4, 4, 4, 4, 4, 4, 4, 4]",4.0,"lay the child on his back , turn his head and remove any debris in his mouth with your finger .",4.0,-56.6608,-50.9283,-50.3687
MOP2,en,"Strach may be 37 , but who gives a shit really ?",10,"[4, 4, 4, 4, 4, 4, 4, 1, 4, 4, 4, 4, 4, 4, 4, 4]",3.8125,"strach may be 37 , but who gives a shit really ?",3.8125,-33.9308,-30.8257,-30.9816
MOP2,en,"In return , the Church cut a somewhat uncertain figure .",9,"[4, 4, 4, 1, 4, 4, 4, 1, 1, 1, 4, 1, 4, 4, 1, 1]",2.6875,"in return , the church cut a somewhat uncertain figure .",2.6875,-29.9907,-29.2467,-29.6893
MOP2,en,However it is almost certain that the offer will be rejected .,11,"[4, 4, 4, 4, 4, 4, 4, 4, 4, 4, 4, 4, 4, 4, 4]",4.0,however it is almost certain that the offer will be rejected .,4.0,-35.1045,-30.6176,-30.7675
MOP2,en,"Mr Stolpe said East Germans had recently discovered their power , and Mr Krenz had not succeeded in restoring the leadership's credibility .",21,"[4, 4, 4, 4, 4, 4, 4, 4, 4, 4, 4, 4, 4, 4, 4, 4]",4.0,"mr stolpe said east germans had recently discovered their power , and mr krenz had not succeeded in restoring the leadership's credibility .",4.0,-46.1704,-43.1893,-42.9249
MOP2,en,"Smiling , Harry put the letter back in its envelope .",9,"[4, 4, 4, 4, 4, 4, 4, 4, 4, 1, 4, 4]",3.75,"smiling , harry put the letter back in its envelope .",3.75,-29.342,-28.3988,-28.3044
MOP2,en,Leicestershire is the only county to account for its distributions from the TCCB on a cash as opposed to an accruals basis .,22,"[4, 4, 1, 4, 4, 4, 4, 4, 4, 4, 4, 4, 4]",3.76923076923,leicestershire is the only county to account for its distributions from the tccb on a cash as opposed to an accruals basis .,3.769230769230769,-56.8177,-49.2787,-47.5816
MOP2,en,"It'll look great on the beach , as an evening top under a pretty blouse or under a jacket for work .",20,"[4, 1, 4, 4, 4, 4, 1, 1, 4, 4, 4, 4, 4, 4]",3.35714285714,"it'll look great on the beach , as an evening top under a pretty blouse or under a jacket for work .",3.357142857142857,-62.4762,-58.9197,-58.4775
MOP2,en,"They also read representative works in traditional and modern Chinese history , literature , philosophy and religion .",15,"[4, 4, 4, 4, 4, 4, 4, 4, 4, 4, 4, 4, 4, 4]",4.0,"they also read representative works in traditional and modern chinese history , literature , philosophy and religion .",4.0,-48.372,-51.8055,-51.8435
MOP2,en,"If you'd prefer a sleek , brass finish , the Brass Dream fire by Valor is a good choice and costs about £399 .",20,"[4, 4, 4, 4, 4, 4, 4, 4, 4, 4, 4, 1, 4, 4, 4]",3.8,"if you'd prefer a sleek , brass finish , the brass dream fire by valor is a good choice and costs about £399 .",3.8,-66.7124,-67.9765,-67.7918
MOP2,en,"‘ If you did that , then it is just about the greatest miracle a person has ever performed since the time of Jesus . ’",22,"[4, 4, 4, 4, 4, 4, 4, 4, 4, 4, 4, 1, 4, 4]",3.78571428571,"‘ if you did that , then it is just about the greatest miracle a person has ever performed since the time of jesus . ’",3.7857142857142856,-64.3367,-57.1598,-57.9032
MOP2,en,"She kicked something in the gloom , and stopped briefly to pick it up .",13,"[4, 4, 4, 4, 4, 4, 4, 1, 4, 4, 4, 4, 4, 4, 4]",3.8,"she kicked something in the gloom , and stopped briefly to pick it up .",3.8,-39.8674,-33.5986,-32.2169
MOP2,en,"‘ I'm just back from India , ’ he announced importantly .",8,"[1, 4, 4, 4, 4, 4, 4, 4, 4, 4, 4, 4, 4, 4]",3.78571428571,"‘ i'm just back from india , ’ he announced importantly .",3.7857142857142856,-23.1786,-23.782,-23.8027
MOP2,en,It is the sort of place where you find a different object of interest every time you go back .,19,"[4, 4, 4, 4, 4, 4, 4, 4, 4, 4, 4]",4.0,it is the sort of place where you find a different object of interest every time you go back .,4.0,-56.1167,-41.7963,-42.5658
MOP2,en,"McLaren keeps his own counsel , being as reticent as Ferguson is gregarious .",12,"[1, 4, 4, 4, 4, 4, 4, 4, 4, 4, 4, 4, 4, 4, 4, 4]",3.8125,"mclaren keeps his own counsel , being as reticent as ferguson is gregarious .",3.8125,-33.3212,-32.2454,-32.3371
MOP2,en,She'd made one final attempt on the Archdeacon before departing .,10,"[4, 4, 1, 4, 4, 4, 4, 4, 4, 1, 4, 4, 4, 1, 4]",3.4,she'd made one final attempt on the archdeacon before departing .,3.4,-32.4678,-30.8779,-30.5364
MOP2,en,Air show : The famous Red Arrows are to provide a grand finish to the Southport Air Show .,17,"[4, 4, 1, 4, 4, 4, 4, 4, 4, 4, 4, 4, 4, 4, 4, 4]",3.8125,air show : the famous red arrows are to provide a grand finish to the southport air show .,3.8125,-57.2845,-55.6793,-55.7076
MOP2,en,"Add the grated orange rind and juice , eggs , sugar , cornflour and ginger .",12,"[4, 4, 4, 4, 4, 4, 4, 4, 4, 4, 4, 4, 4, 4, 4]",4.0,"add the grated orange rind and juice , eggs , sugar , cornflour and ginger .",4.0,-40.5873,-43.0683,-42.4738
MOP2,en,"A path led up from where they stood , its stone flags worn and broken , its progress hidden here and there by moss and weed .",24,"[4, 4, 4, 4, 4, 4, 4, 1, 4, 1, 4, 4, 4, 4]",3.57142857143,"a path led up from where they stood , its stone flags worn and broken , its progress hidden here and there by moss and weed .",3.571428571428572,-79.0645,-75.0968,-72.9532
MOP2,en,If there's a younger referee than me it'll prove that someone has got real guts .,15,"[1, 4, 4, 4, 4, 4, 4, 4, 4, 4, 4, 4, 4]",3.76923076923,if there's a younger referee than me it'll prove that someone has got real guts .,3.769230769230769,-52.3859,-49.9921,-50.1561
MOP2,en,"The mannikin ran in front of Cranston , jumping up and down .",11,"[4, 1, 4, 4, 4, 4, 4, 4, 4, 1, 1, 4, 4, 4]",3.35714285714,"the mannikin ran in front of cranston , jumping up and down .",3.357142857142857,-26.0241,-22.7912,-19.7593
MOP2,en,R4 THIS MORNING SAYS DON HOWE IS ANOTHER LIKELY CANDIDATE TO TAKE US INTO THE NEW YEAR .,17,"[1, 4, 1, 4, 4, 4, 1, 1, 1, 4, 4, 1]",2.5,r4 this morning says don howe is another likely candidate to take us into the new year .,2.5,-51.6021,-44.8158,-45.1168
MOP2,en,It is one of the ways in which the Spirit evokes prayer in the people of the Messiah .,18,"[4, 4, 4, 4, 4, 4, 1, 4, 4, 4, 4, 4]",3.75,it is one of the ways in which the spirit evokes prayer in the people of the messiah .,3.75,-45.6987,-37.6149,-35.3213
MOP2,en,Such fundamentals should be the same for all .,8,"[4, 4, 4, 4, 4, 4, 4, 4, 4, 4, 4, 4, 4, 4, 4, 4, 4]",4.0,such fundamentals should be the same for all .,4.0,-26.2151,-22.5733,-22.3575
MOP2,en,Sega owners are bigger in the trouser department .,8,"[1, 4, 4, 4, 4, 4, 4, 1, 4, 1, 4, 1, 4, 4, 1, 1]",2.875,sega owners are bigger in the trouser department .,2.875,-27.8568,-25.3828,-25.4444
MOP2,en,"I'm just sick of reporters tramping in and out , wanting to know her business .",14,"[4, 4, 4, 4, 4, 4, 4, 4, 4, 4, 4, 4, 4]",4.0,"i'm just sick of reporters tramping in and out , wanting to know her business .",4.0,-38.2298,-38.9334,-36.3925
MOP2,en,Or if you went into her kitchen and interfered .,9,"[4, 1, 1, 1, 4, 4, 1, 1, 1, 4, 4, 4, 1, 1, 1]",2.2,or if you went into her kitchen and interfered .,2.2,-30.5511,-27.3944,-29.0606
MOP2,en,"However , by 1976 , local councils in east London were able to publicize the advantages of their areas to industrialists .",19,"[4, 4, 4, 4, 4, 4, 4, 4, 4, 4, 4, 4, 4, 4]",4.0,"however , by 1976 , local councils in east london were able to publicize the advantages of their areas to industrialists .",4.0,-51.2863,-52.3646,-52.1535
MOP2,en,"It may be the detailed description and prices of merchandise , details of a complaint , ideas for a new product , or whatever .",21,"[4, 1, 1, 4, 4, 4, 1, 4, 4, 4, 4, 1]",3.0,"it may be the detailed description and prices of merchandise , details of a complaint , ideas for a new product , or whatever .",3.0,-68.5003,-62.2487,-62.6016
MOP2,en,"Japanese banks operating in London accounted for 28.5% of total lending from London in 1991 , American banks 15% , and other banks 40.7% .",22,"[4, 4, 4, 4, 4, 4, 4, 4, 4, 4, 4, 4, 4, 4, 4, 4, 4]",4.0,"japanese banks operating in london accounted for 28.5% of total lending from london in 1991 , american banks 15% , and other banks 40.7% .",4.0,-56.4567,-53.7978,-53.5256
MOP2,en,"‘ I'm dying for a cup of tea , ’ Charlie announced .",9,"[4, 4, 4, 4, 4, 4, 4, 4, 4, 4, 4, 4, 4]",4.0,"‘ i'm dying for a cup of tea , ’ charlie announced .",4.0,-26.1402,-24.3888,-21.2383
MOP2,en,And are hoping for a Twickenham meeting with either Kidderminster Carolians or Hitchin in the finals .,16,"[1, 4, 1, 1, 4, 4, 1, 4, 1, 4, 1, 4]",2.5,and are hoping for a twickenham meeting with either kidderminster carolians or hitchin in the finals .,2.5,-30.8857,-26.8467,-27.1057
MOP2,en,"This is an appeal by Swansea City Council against a decision of Judge Michael Evans Q.C. , given in Swansea County Court on 6 February 1991 .",25,"[4, 4, 4, 4, 4, 4, 4, 4, 4, 4, 4, 4]",4.0,"this is an appeal by swansea city council against a decision of judge michael evans q.c. , given in swansea county court on 6 february 1991 .",4.0,-59.1745,-55.5369,-55.0788
MOP2,en,Who was Elsie and what had happened to her ?,9,"[4, 4, 1, 4, 4, 4, 4, 4, 4, 4, 4, 4]",3.75,who was elsie and what had happened to her ?,3.75,-23.3877,-20.087,-20.4834
MOP2,en,"She stared into his eyes , and saw the suppressed hunger there , and her heart seemed to contract then swell inside her .",21,"[4, 4, 4, 4, 4, 4, 1, 4, 4, 4, 4, 4, 4]",3.76923076923,"she stared into his eyes , and saw the suppressed hunger there , and her heart seemed to contract then swell inside her .",3.769230769230769,-68.3411,-60.8044,-61.9874
MOP2,en,"A sense of well-being , of transformation and enlightenment , penetrates to the very marrow of his bones .",16,"[4, 4, 4, 4, 4, 4, 1, 4, 4, 4, 4, 4, 4, 4, 4]",3.8,"a sense of well-being , of transformation and enlightenment , penetrates to the very marrow of his bones .",3.8,-47.4789,-46.0886,-46.8012
MOP2,en,"— one of the control sample respondents possessed all three traits , and one-quarter two out of three .",16,"[4, 1, 1, 1, 4, 1, 1, 4, 1, 4, 1, 1]",2.0,"— one of the control sample respondents possessed all three traits , and one-quarter two out of three .",2.0,-55.2828,-51.5,-52.0699
MOP2,en,wonder why you — But mibbe I should thank ma,9,"[1, 1, 1, 1, 1, 1, 1, 1, 1, 1, 1, 1, 1]",1.0,wonder why you — but mibbe i should thank ma,1.0,-33.3948,-32.0085,-31.5622
MOP2,en,"A somewhat thicker book , The Bernese Alps details the important region skirted by the previous book .",16,"[4, 4, 4, 4, 1, 4, 4, 4, 4, 4, 4, 4, 4, 4, 4]",3.8,"a somewhat thicker book , the bernese alps details the important region skirted by the previous book .",3.8,-42.2622,-42.1628,-42.6015
MOP2,en,"Booming out of speaker boxes perched on the kerb , thundering from bars and shops , every corner has its own sound system .",21,"[4, 4, 4, 4, 4, 1, 4, 4, 4, 4, 4, 4]",3.75,"booming out of speaker boxes perched on the kerb , thundering from bars and shops , every corner has its own sound system .",3.75,-70.4419,-64.6143,-63.8916
MOP2,en,Young people's knowledge about the harmful effects of smoking is considerable ; those who take up smoking are not doing so purely out of ignorance .,24,"[4, 4, 4, 4, 4, 4, 4, 4, 4, 4, 4, 4, 4]",4.0,young people's knowledge about the harmful effects of smoking is considerable ; those who take up smoking are not doing so purely out of ignorance .,4.0,-86.7518,-82.0359,-82.6495
MOP2,en,Tandem's annual revenues grew by 24 per cent to $1.6 billion .,10,"[4, 4, 4, 4, 4, 4, 4, 4, 4, 4, 4, 4, 4, 4]",4.0,tandem's annual revenues grew by 24 per cent to $1.6 billion .,4.0,-42.8292,-33.0627,-33.2295
MOP2,en,Gwyneth Dunwoody stated that we were secretly dismantling the health service and Roy Hattersley muttered about contracting out old people like refuse collection .,23,"[4, 1, 4, 4, 4, 4, 4, 4, 1, 1, 4, 1, 4]",3.07692307692,gwyneth dunwoody stated that we were secretly dismantling the health service and roy hattersley muttered about contracting out old people like refuse collection .,3.076923076923077,-59.5962,-56.2454,-56.4603
MOP2,en,Could a man who deserted his wife and child for another woman get off free without scars ?,17,"[4, 4, 4, 4, 4, 4, 4, 4, 1, 4, 4, 4, 4, 4]",3.78571428571,could a man who deserted his wife and child for another woman get off free without scars ?,3.7857142857142856,-57.8285,-55.0101,-55.1366
MOP2,en,"If the French should take them and see them directed to such noted men , they might take care to send them to them .",23,"[1, 1, 1, 1, 1, 1, 1, 1, 4, 1, 1, 1, 1, 1, 4]",1.4,"if the french should take them and see them directed to such noted men , they might take care to send them to them .",1.4,-63.317,-52.9329,-53.8493
MOP2,en,"The Cats Protection League Bazaar , Parliament Room , Royal Baths Assembly Rooms , Crescent Road .",13,"[1, 1, 1, 4, 1, 4, 4, 1, 1, 1, 1, 1, 1, 4, 1]",1.8,"the cats protection league bazaar , parliament room , royal baths assembly rooms , crescent road .",1.8,-57.3099,-57.0751,-56.8492
MOP2,en,"Their discoveries have worrying implications for the 600,000 people thought to have been affected by the release of radiation .",19,"[4, 4, 4, 4, 4, 4, 4, 4, 4, 4, 1, 4]",3.75,"their discoveries have worrying implications for the 600,000 people thought to have been affected by the release of radiation .",3.75,-53.9685,-48.7408,-49.0868
MOP2,en,"It brings the twittering children , and the birds ,",8,"[4, 1, 4, 4, 4, 4, 1, 4, 1, 4, 4, 1, 4]",3.07692307692,"it brings the twittering children , and the birds ,",3.076923076923077,-25.2613,-24.9031,-25.0802
MOP2,en,"The consequences of this latter factor have been to at times lead to the definition of community care as ‘ non-hospital care ’ ( Parker , 1990 ) .",23,"[1, 1, 4, 1, 4, 4, 4, 4, 1, 4, 4, 1, 1, 1]",2.5,"the consequences of this latter factor have been to at times lead to the definition of community care as ‘ non-hospital care ’ ( parker , 1990 ) .",2.5,-64.732,-61.1571,-62.4267
MOP2,en,"Viol tried to flag down another , but the driver ignored him .",11,"[1, 4, 4, 4, 4, 4, 4, 4, 4, 4, 4, 4, 4]",3.76923076923,"viol tried to flag down another , but the driver ignored him .",3.769230769230769,-34.8498,-31.7389,-32.1065
MOP2,en,"Graphically oriented programming tools , application programming interfaces and cross-application macro facilities will also be offered .",15,"[4, 1, 4, 1, 4, 4, 4, 4, 4, 4, 4, 4, 4, 4, 4, 4]",3.625,"graphically oriented programming tools , application programming interfaces and cross-application macro facilities will also be offered .",3.625,-50.6334,-47.6012,-46.3583
MOP2,en,"Thirdly , uncertainty now surrounds the future of the industry .",9,"[4, 4, 4, 4, 4, 4, 4, 4, 4, 4, 4, 4, 4, 4, 4, 4, 4]",4.0,"thirdly , uncertainty now surrounds the future of the industry .",4.0,-22.4571,-21.8421,-22.3834
MOP2,en,"Had he not , as everyone knew , single-handedly raised and led an Arab army against the Turks ?",16,"[4, 4, 4, 4, 4, 4, 4, 4, 4, 4, 4, 4, 4, 4]",4.0,"had he not , as everyone knew , single-handedly raised and led an arab army against the turks ?",4.0,-45.3518,-47.3827,-47.7791
MOP2,en,The closest cooperation between the allocation officers and each unit manager is essential both in devising the plan and in the scheduling of holidays .,24,"[4, 4, 4, 4, 4, 1, 4, 4, 4, 4, 4, 4, 4, 4, 1]",3.6,the closest cooperation between the allocation officers and each unit manager is essential both in devising the plan and in the scheduling of holidays .,3.6,-80.5961,-76.3153,-76.5333
MOP2,en,"‘ There is no robust critique , no convincing body of evidence , no sign of learning from a decade of failure .",19,"[4, 4, 4, 4, 4, 4, 4, 4, 4, 4, 1, 4, 4, 4]",3.78571428571,"‘ there is no robust critique , no convincing body of evidence , no sign of learning from a decade of failure .",3.7857142857142856,-61.4622,-52.2382,-51.5816
MOP2,en,Survival time was defined as the period between surgery and death .,11,"[4, 4, 4, 4, 4, 4, 4, 4, 4, 4, 4, 4, 1, 4]",3.78571428571,survival time was defined as the period between surgery and death .,3.7857142857142856,-38.0566,-34.0791,-33.799
MOP2,en,"Mr Tadgell , 32 , rented a flat in Australia with Joanna as she progressed from a cleaner to a waitress at the casino .",22,"[4, 1, 4, 4, 4, 4, 4, 1, 4, 4, 4, 1, 4, 4, 4]",3.4,"mr tadgell , 32 , rented a flat in australia with joanna as she progressed from a cleaner to a waitress at the casino .",3.4,-57.0653,-55.4285,-55.1259
MOP2,en,"The Daurog moved about their business , eyeing Tallis with the same shivering caution as the evening before .",17,"[4, 4, 4, 4, 4, 4, 4, 4, 4, 4, 1, 4, 4, 4]",3.78571428571,"the daurog moved about their business , eyeing tallis with the same shivering caution as the evening before .",3.7857142857142856,-48.2068,-44.8767,-45.581
MOP2,en,"Mr Jenks marched along the corridor , glaring wrathfully about him , and the children fell back on both sides without a murmur .",21,"[4, 4, 4, 4, 4, 4, 4, 4, 4, 4, 4, 4, 4]",4.0,"mr jenks marched along the corridor , glaring wrathfully about him , and the children fell back on both sides without a murmur .",4.0,-63.064,-53.4771,-51.1224
MOP2,en,"Your detective of the detective story , of course , went about seeking information .",12,"[4, 1, 4, 4, 4, 4, 4, 4, 4, 1, 4, 1, 1, 4, 1]",3.0,"your detective of the detective story , of course , went about seeking information .",3.0,-38.4144,-34.0241,-32.1274
MOP2,en,So you're working on a peer-group political model of photography and meaning ?,12,"[4, 4, 4, 4, 4, 4, 1, 1, 4]",3.33333333333,so you're working on a peer-group political model of photography and meaning ?,3.333333333333333,-38.8453,-37.1658,-40.4969
MOP2,en,The directives had no application to parliamentary proceedings or elections and allowed reported speech .,14,"[4, 4, 4, 4, 4, 4, 4, 1, 4, 4, 4, 4, 4, 4]",3.78571428571,the directives had no application to parliamentary proceedings or elections and allowed reported speech .,3.7857142857142856,-51.1569,-49.9312,-49.5746
MOP2,en,Crystal thought Berg was a newspaper reporter and she assured Rain : ‘ I didn't spoil your story by telling him MI something killed MacQuillan . ’,23,"[4, 4, 1, 1, 4, 1, 4, 1, 4, 4, 4, 4, 1]",2.84615384615,crystal thought berg was a newspaper reporter and she assured rain : ‘ i didn't spoil your story by telling him mi something killed macquillan . ’,2.8461538461538463,-78.041,-73.6351,-73.5806
MOP2,en,"Another street , also running approximately north-south , lay between it and Ryknild Street ; the branch north of the Tiddington road",19,"[4, 4, 4, 4, 4, 4, 1, 4, 4, 4, 4, 4, 4, 1, 1]",3.4,"another street , also running approximately north-south , lay between it and ryknild street ; the branch north of the tiddington road",3.4,-54.9741,-62.4203,-61.4327
MOP2,en,I congratulate you on the unambiguity of your situation .,9,"[4, 4, 4, 4, 4, 4, 4, 4, 4, 4, 4, 4, 4, 4]",4.0,i congratulate you on the unambiguity of your situation .,4.0,-34.3936,-31.4904,-31.6968
MOP2,en,"‘ If you wish to avail yourself of the bathroom facilities , feel free .",12,"[4, 4, 4, 4, 4, 4, 4, 4, 4, 4, 1, 1, 1, 4]",3.35714285714,"‘ if you wish to avail yourself of the bathroom facilities , feel free .",3.357142857142857,-42.6204,-39.3326,-39.787
MOP2,en,"The idea is to increase people's knowledge about the strength of drinks and weekly limits , and the link between drinking and health and fitness .",24,"[4, 4, 4, 4, 4, 4, 4, 4, 1, 4, 4, 4, 4, 4, 4]",3.8,"the idea is to increase people's knowledge about the strength of drinks and weekly limits , and the link between drinking and health and fitness .",3.8,-76.4605,-71.9533,-70.8139
MOP2,en,"When the Indians went hunting , whether for animals or for rival Indians , their firepower was deadly .",16,"[4, 4, 4, 4, 4, 4, 4, 4, 4, 4, 4, 4, 4, 4, 4]",4.0,"when the indians went hunting , whether for animals or for rival indians , their firepower was deadly .",4.0,-49.095,-52.6156,-52.1865
MOP2,en,"Facts speak for themselves , but only if executives are prepared to listen , are prepared to be convinced .",17,"[1, 4, 4, 4, 4, 4, 4, 4, 1, 4, 4, 4, 4, 1]",3.35714285714,"facts speak for themselves , but only if executives are prepared to listen , are prepared to be convinced .",3.357142857142857,-55.1854,-46.9187,-46.6018
MOP2,en,In the preceding decade London and other large metropolitan cities recorded massive population losses ; medium-sized cities either lost people or experienced only slow growth .,24,"[4, 4, 4, 4, 4, 4, 4, 4, 4, 4, 4]",4.0,in the preceding decade london and other large metropolitan cities recorded massive population losses ; medium-sized cities either lost people or experienced only slow growth .,4.0,-90.3976,-87.3048,-86.7
MOP2,en,‘ After the demise of our great team in ‘ 86 we were building sand castles for a while — they were collapsing all the time .,23,"[4, 1, 4, 4, 4, 4, 4, 4, 4, 4, 4, 1, 4, 4, 1, 4]",3.4375,‘ after the demise of our great team in ‘ 86 we were building sand castles for a while — they were collapsing all the time .,3.4375,-77.0257,-66.4092,-65.0773
MOP2,en,Amiss was stunned by the courtesy and curiously uplifted to find that not everyone in this establishment was like Colonel Fagg .,21,"[4, 4, 4, 4, 4, 1, 4, 1, 4, 4]",3.4,amiss was stunned by the courtesy and curiously uplifted to find that not everyone in this establishment was like colonel fagg .,3.4,-63.7599,-58.66,-58.2189
MOP2,en,One in every six trees in Switzerland is showing signs of ill-health — double the level recorded eight years ago .,19,"[4, 4, 1, 4, 4, 4, 4, 4, 4, 4, 4, 4]",3.75,one in every six trees in switzerland is showing signs of ill-health — double the level recorded eight years ago .,3.75,-58.3178,-49.3598,-50.0179
MOP2,en,LEFT : Painter and decorator Kevin Barton latched into this early 2 lb 14 oz plaice during a session at Lepestone Point in Hampshire .,23,"[4, 4, 4, 4, 4, 4, 1, 1, 1, 4, 4, 4, 4, 1]",3.14285714286,left : painter and decorator kevin barton latched into this early 2 lb 14 oz plaice during a session at lepestone point in hampshire .,3.142857142857143,-66.4642,-63.0024,-62.1605
MOP2,en,It has been estimated that 65 per cent of the deals are spot and the remainder are forward deals .,19,"[1, 4, 4, 4, 4, 4, 1, 4, 4, 4, 1, 4, 4]",3.30769230769,it has been estimated that 65 per cent of the deals are spot and the remainder are forward deals .,3.3076923076923075,-63.8058,-52.2549,-50.7573
MOP2,en,"As the mobs gathered , an assistant military attache asked Andrew about the pipe-playing episode in Reykjavik .",16,"[4, 1, 4, 4, 4, 4, 4, 1, 4, 4, 4, 4]",3.5,"as the mobs gathered , an assistant military attache asked andrew about the pipe-playing episode in reykjavik .",3.5,-39.7946,-39.4871,-39.3255
MOP2,en,This was a necessity to qualify for a later call to the Bar .,13,"[1, 4, 4, 4, 4, 4, 4, 4, 4, 4, 4, 4, 4, 1, 4, 4]",3.625,this was a necessity to qualify for a later call to the bar .,3.625,-39.1172,-34.2037,-33.9651
MOP2,en,"‘ Here he comes , look out for this guy . ’",8,"[4, 4, 4, 4, 4, 4, 1, 4, 4, 4, 4]",3.72727272727,"‘ here he comes , look out for this guy . ’",3.727272727272727,-28.7552,-28.0302,-28.2591
MOP2,en,‘ I hope you ain't gon na have a fit .,9,"[4, 1, 1, 4, 4, 4, 4, 1, 1, 1, 4, 1]",2.5,‘ i hope you ain't gon na have a fit .,2.5,-27.5516,-23.4936,-24.3846
MOP2,en,He could not go through it all again .,8,"[4, 4, 4, 4, 4, 4, 4, 4, 4, 4, 4, 4, 4, 4, 4]",4.0,he could not go through it all again .,4.0,-24.6408,-17.6149,-18.4797
MOP2,en,‘ Will you help us find out what happened ? ’,8,"[4, 4, 4, 4, 4, 4, 4, 4, 4, 4, 4, 4, 4, 4]",4.0,‘ will you help us find out what happened ? ’,4.0,-28.9617,-24.6607,-23.9605
MOP2,en,The distinction between equity and equality in the distribution and use of social services is crucial to the debate on health inequalities .,22,"[4, 4, 4, 4, 4, 4, 4, 4, 4, 4, 4, 4]",4.0,the distinction between equity and equality in the distribution and use of social services is crucial to the debate on health inequalities .,4.0,-66.3456,-58.0041,-57.8514
MOP2,en,After I had my tea I would go to bed .,10,"[4, 4, 4, 4, 4, 4, 4, 4, 4, 4, 4, 4, 4, 4, 4, 4, 4, 4]",4.0,after i had my tea i would go to bed .,4.0,-38.1963,-34.5951,-33.3636
MOP2,en,"The comprehensive tour included barley purchase , intake , laboratory , steeping , germination , kilns and malt dispatch .",14,"[4, 4, 4, 4, 1, 4, 4, 4, 4, 4, 4, 4, 4, 4]",3.78571428571,"the comprehensive tour included barley purchase , intake , laboratory , steeping , germination , kilns and malt dispatch .",3.7857142857142856,-48.9878,-49.6628,-49.6873
MOP2,en,"After all , he had managed to defeat the system and was in sole command of a small military unit .",19,"[4, 4, 4, 4, 4, 4, 4, 4, 1, 4, 4, 4, 4, 4, 4]",3.8,"after all , he had managed to defeat the system and was in sole command of a small military unit .",3.8,-54.8009,-50.0301,-51.5406
MOP2,en,I think about G.P. holding me and caressing me .,9,"[4, 4, 4, 4, 4, 4, 4, 4, 4, 4, 4, 1, 1]",3.53846153846,i think about g.p. holding me and caressing me .,3.5384615384615383,-31.4057,-29.4246,-29.3317
MOP2,en,"‘ I didn't want to be a superstar , I just wanted to be able to play well .",16,"[4, 4, 4, 4, 4, 4, 4, 4, 4, 4, 4, 4, 4]",4.0,"‘ i didn't want to be a superstar , i just wanted to be able to play well .",4.0,-49.539,-39.8148,-39.7706
MOP2,en,"LLOYD'S Register , the largest ship registration organisation , is being sued in America over a ship fire that killed 159 people two years ago .",23,"[4, 4, 4, 4, 4, 4, 1, 4, 4, 1, 4, 4, 4]",3.53846153846,"lloyd's register , the largest ship registration organisation , is being sued in america over a ship fire that killed 159 people two years ago .",3.5384615384615383,-68.3377,-62.1842,-62.5564
MOP2,en,"This is not to deny , of course , that crime and violence in contemporary society is an important social reality .",19,"[4, 4, 4, 4, 4, 4, 4, 4, 1, 4, 4, 4, 4, 4]",3.78571428571,"this is not to deny , of course , that crime and violence in contemporary society is an important social reality .",3.7857142857142856,-58.2357,-49.0397,-45.3075
MOP2,en,"The administrative structure of Partnerships , with its heavy emphasis on co-ordinating different agencies , would in any case tend to inhibit the unorthodox .",22,"[4, 4, 4, 4, 4, 4, 4, 4, 4, 4, 4, 4, 1, 4, 4, 4]",3.8125,"the administrative structure of partnerships , with its heavy emphasis on co-ordinating different agencies , would in any case tend to inhibit the unorthodox .",3.8125,-72.2337,-66.6975,-65.4819
MOP2,en,We walked solemnly around Gloucester in and out of the Cathedral precincts while he told me about his childhood .,19,"[4, 4, 4, 4, 4, 4, 4, 4, 4, 1, 4, 4]",3.75,we walked solemnly around gloucester in and out of the cathedral precincts while he told me about his childhood .,3.75,-53.4256,-44.1343,-41.5373
MOP2,en,"By comparison , companies in the 20-50 jobs bracket suffer from neglect , they say .",13,"[4, 4, 4, 4, 4, 4, 4, 1, 4, 4, 4, 4, 4, 4]",3.78571428571,"by comparison , companies in the 20-50 jobs bracket suffer from neglect , they say .",3.7857142857142856,-37.9685,-34.6007,-34.527
MOP2,en,Within a few days of writing my planning notes a reasonable ( by UK standards ) day dawned .,16,"[1, 4, 4, 4, 4, 4, 1, 4, 4, 4, 4, 4, 4]",3.53846153846,within a few days of writing my planning notes a reasonable ( by uk standards ) day dawned .,3.5384615384615383,-52.986,-47.2753,-45.8069
MOP2,en,"Whether this autoantibody has direct pathogenic importance , as in Wegener's granulomatosis , remains to be determined .",15,"[4, 4, 4, 4, 4, 4, 4, 4, 4, 4, 4, 4, 4, 4]",4.0,"whether this autoantibody has direct pathogenic importance , as in wegener's granulomatosis , remains to be determined .",4.0,-39.0916,-39.4678,-39.0374
MOP2,en,"The incident received widespread television and press publicity , and prompted a civil rights march on 24 August from Coalisland to Dungannon .",21,"[4, 4, 4, 4, 4, 4, 4, 4, 4, 4, 4, 4, 1]",3.76923076923,"the incident received widespread television and press publicity , and prompted a civil rights march on 24 august from coalisland to dungannon .",3.769230769230769,-64.0101,-60.7558,-61.1174
MOP2,en,"It contains a general index to magazine features , a recipe index and an index to recipes in our popular , step-by-step cookery series , Secrets of Success .",25,"[4, 4, 4, 4, 4, 4, 4, 4, 4, 4, 4, 4, 4, 4, 4, 4]",4.0,"it contains a general index to magazine features , a recipe index and an index to recipes in our popular , step-by-step cookery series , secrets of success .",4.0,-86.297,-85.4496,-84.9946
MOP2,en,Anglers are blaming pollution for a fall in the numbers of fish in some sections of the Rivers Severn and Avon .,21,"[4, 4, 4, 4, 4, 4, 4, 4, 4, 4, 4, 4, 4]",4.0,anglers are blaming pollution for a fall in the numbers of fish in some sections of the rivers severn and avon .,4.0,-51.0131,-46.2876,-46.7219
MOP2,en,"Robin Child absolutely refuses to grade , and when O-levels gave way to GCSE with all its internal coursework and marking , he rejected it .",23,"[4, 1, 4, 4, 4, 4, 4, 4, 1, 4, 4, 4]",3.5,"robin child absolutely refuses to grade , and when o-levels gave way to gcse with all its internal coursework and marking , he rejected it .",3.5,-64.8704,-58.579,-56.7707
MOP2,en,Does awareness of rates of obstetric interventions change practice ?,9,"[4, 4, 4, 4, 1, 4, 4, 4, 4, 4, 4, 1, 4, 4]",3.57142857143,does awareness of rates of obstetric interventions change practice ?,3.571428571428572,-26.6437,-25.2281,-28.0543
MOP2,en,"Synergie Ultra-Gentle Eye Make-up Remover with extract of rose , is a light oil-free lotion with soothing properties , £2,99/200ml .",17,"[4, 4, 1, 4, 4, 4, 1, 4, 4, 4, 4, 4, 1, 4, 4, 4]",3.4375,"synergie ultra-gentle eye make-up remover with extract of rose , is a light oil-free lotion with soothing properties , £2,99/200ml .",3.4375,-50.805,-52.104,-51.6171
MOP2,en,"Stewart and Tait were more aware of the degradation of energy , moral as well as physical , and thus of the impermanence of the world .",24,"[4, 4, 1, 4, 4, 4, 1, 4, 4, 4, 4, 4, 4, 4, 4, 4]",3.625,"stewart and tait were more aware of the degradation of energy , moral as well as physical , and thus of the impermanence of the world .",3.625,-59.1913,-50.684,-50.3133
MOP2,en,This rule is subject to a number of exceptions ( see Chapter 5 ) .,12,"[4, 4, 4, 4, 4, 4, 4, 4, 4, 4, 4, 4, 4]",4.0,this rule is subject to a number of exceptions ( see chapter 5 ) .,4.0,-45.8085,-37.19,-37.2157
MOP2,en,Malcolm is collecting old 10p pieces on behalf of his daughter for the Kidney Transplant Association .,16,"[4, 4, 4, 4, 4, 4, 4, 4, 4, 4, 4, 4, 4, 4]",4.0,malcolm is collecting old 10p pieces on behalf of his daughter for the kidney transplant association .,4.0,-46.3051,-38.1152,-38.1688
MOP2,en,We are grateful to Ken Byron for setting up a much needed journal in Drama and Dance Education .,18,"[4, 4, 4, 4, 4, 4, 4, 4, 4, 4, 4, 4, 4]",4.0,we are grateful to ken byron for setting up a much needed journal in drama and dance education .,4.0,-59.6044,-54.9175,-54.9916
MOP2,en,Cycling was also definitely related to gastro-oesophageal reflux .,8,"[4, 1, 4, 4, 4, 4, 4, 4, 4, 4, 4, 4, 4, 4, 4]",3.8,cycling was also definitely related to gastro-oesophageal reflux .,3.8,-18.5745,-13.6402,-13.8809
MOP2,en,"True to this tone , Tom's tape is scientific analysis as opposed to bedtime bogeyman stories .",15,"[4, 1, 4, 4, 4, 4, 4, 4, 1, 4, 4, 4, 4, 4]",3.57142857143,"true to this tone , tom's tape is scientific analysis as opposed to bedtime bogeyman stories .",3.571428571428572,-44.3432,-44.6459,-44.1479
MOP2,en,"As was suggested in argument , that would indeed be to swallow the elephant and strain at the gnat .",18,"[4, 4, 1, 4, 1, 1, 4, 4, 1, 1, 1, 1, 1, 1, 1]",2.0,"as was suggested in argument , that would indeed be to swallow the elephant and strain at the gnat .",2.0,-48.9288,-49.6017,-50.0898
MOP2,en,"In desperation I took a typing course and moved fifty miles down the road to here , to the first job which would have me .",24,"[4, 1, 4, 4, 4, 4, 4, 4, 4, 4, 4, 4, 4]",3.76923076923,"in desperation i took a typing course and moved fifty miles down the road to here , to the first job which would have me .",3.769230769230769,-74.2185,-71.9388,-71.4323
MOP2,en,At relevant moments Dr Banda waves his fly whisk .,9,"[4, 4, 4, 4, 4, 4, 4, 4, 1]",3.66666666667,at relevant moments dr banda waves his fly whisk .,3.6666666666666665,-25.7639,-26.2364,-25.9823
MOP2,en,Both were former members of the left-wing extremist Red Army Faction ( RAF ) .,12,"[4, 4, 4, 4, 4, 4, 1, 4, 4, 4, 4, 4, 4, 4, 4, 4, 4]",3.82352941176,both were former members of the left-wing extremist red army faction ( raf ) .,3.823529411764706,-38.5064,-34.5883,-34.1942
MOP2,en,But anyway ’ — her tone changed again — ‘ I'm grateful to you for your help . ’,13,"[4, 4, 4, 4, 4, 4, 4, 4, 4, 4, 4, 4, 4, 4]",4.0,but anyway ’ — her tone changed again — ‘ i'm grateful to you for your help . ’,4.0,-41.6659,-40.7735,-41.0161
MOP2,en,"Stokesley , indeed , possessing neither trade nor manufacturers , has no appearance of bustle or business , and is a place well adapted to retirement . ’",22,"[1, 4, 1, 4, 4, 4, 4, 4, 4, 4, 1, 1, 4, 4, 4]",3.2,"stokesley , indeed , possessing neither trade nor manufacturers , has no appearance of bustle or business , and is a place well adapted to retirement . ’",3.2,-81.4384,-72.8283,-73.0689
MOP2,en,"Although it is less damaging than the removal of bulbs and plants , consistent seed snatching can still effectively wipe out a species from a locality .",25,"[1, 4, 4, 4, 4, 4, 1, 4, 4, 4, 4, 4, 4, 4, 4]",3.6,"although it is less damaging than the removal of bulbs and plants , consistent seed snatching can still effectively wipe out a species from a locality .",3.6,-75.9795,-72.245,-72.6898
MOP2,en,"Tickets from Sgt Gordon Parkin ( telephone 091567–6155 , ext. 6331 .",9,"[4, 4, 1, 4, 4, 4, 4, 4, 4, 4, 4, 1, 4, 4]",3.57142857143,"tickets from sgt gordon parkin ( telephone 091567–6155 , ext. 6331 .",3.571428571428572,-12.0523,-13.8164,-13.7087
MOP2,en,"You think I'm joking about the Porsche , don't you ?",9,"[4, 4, 4, 4, 4, 4, 4, 4, 4, 4, 4, 4]",4.0,"you think i'm joking about the porsche , don't you ?",4.0,-21.627,-21.4473,-20.8313
MOP2,en,They expressed their fury with the godly in lewd ballads that echo through Underdown's story .,15,"[1, 4, 4, 4, 1, 1, 1, 4, 4, 4, 4, 4, 4]",3.07692307692,they expressed their fury with the godly in lewd ballads that echo through underdown's story .,3.076923076923077,-47.065,-45.7382,-45.2929
MOP2,en,Religion : Christianity ( Bulgarian Orthodox Church ) ; Islam practised by large Turkish and smaller Pomak minorities .,14,"[4, 4, 1, 1, 4, 4, 4, 4, 4, 4, 4, 1, 1, 1, 1, 4]",2.875,religion : christianity ( bulgarian orthodox church ) ; islam practised by large turkish and smaller pomak minorities .,2.875,-49.2459,-47.9538,-47.5904
MOP2,en,"‘ There's no Black Dog here , ’ said the doctor .",8,"[4, 4, 4, 1, 4, 4, 4, 4, 4, 4, 4, 4]",3.75,"‘ there's no black dog here , ’ said the doctor .",3.75,-29.2681,-28.6004,-28.7524
MOP2,en,"Learning a manipulative skill , such as typing , takes hours .",9,"[4, 4, 4, 4, 4, 4, 4, 4, 4, 4, 4, 4, 4, 4, 4, 4]",4.0,"learning a manipulative skill , such as typing , takes hours .",4.0,-28.8191,-29.2906,-28.474
MOP2,en,Our communal phone is on the hallway wall by the front door .,12,"[4, 4, 4, 4, 4, 4, 4, 4, 4, 4, 4, 4, 4, 4, 4]",4.0,our communal phone is on the hallway wall by the front door .,4.0,-41.2357,-35.6793,-35.3248
MOP2,en,"‘ They say you are a known homosexual ; we believe it , ’ added a third .",13,"[1, 4, 4, 1, 4, 4, 4, 4, 4, 1, 4, 4, 4]",3.30769230769,"‘ they say you are a known homosexual ; we believe it , ’ added a third .",3.3076923076923075,-45.6454,-45.355,-44.7319
MOP2,en,A BALANCED CALCIUM INTAKE TODAY MEANS A HEALTHIER YOU TOMORROW,10,"[4, 4, 4, 4, 4, 4, 4, 4, 4, 4, 4, 4, 4]",4.0,a balanced calcium intake today means a healthier you tomorrow,4.0,-35.2934,-37.8186,-37.3247
MOP2,en,"‘ I thought I might go to America and help the anti-draft students around the Army camps , ’ he said .",18,"[4, 4, 4, 4, 4, 1, 4, 4, 4, 4, 4, 4, 4, 4]",3.78571428571,"‘ i thought i might go to america and help the anti-draft students around the army camps , ’ he said .",3.7857142857142856,-54.1662,-52.6495,-53.7817
MOP2,en,Other people apart from yourself and the candidate who may need to be taken into account when fixing a schedule are :,21,"[4, 4, 4, 4, 4, 4, 4, 4, 4, 4, 4, 1, 4, 1, 1, 4]",3.4375,other people apart from yourself and the candidate who may need to be taken into account when fixing a schedule are :,3.4375,-70.0773,-60.7594,-58.4098
MOP2,en,Her mouth had formed the words before she realised .,9,"[4, 4, 4, 4, 4, 4, 4, 4, 4, 4, 4, 4, 4]",4.0,her mouth had formed the words before she realised .,4.0,-26.2848,-23.3422,-23.4344
MOP2,en,Water temperature : The usual temperature range of 72°–76°F .,8,"[4, 4, 4, 4, 4, 4, 4, 4, 4, 1, 4, 4]",3.75,water temperature : the usual temperature range of 72°–76°f .,3.75,-27.585,-24.1021,-24.5885
MOP2,en,The first is a surface sore which starts off as a red mark .,13,"[4, 4, 4, 4, 4, 4, 4, 4, 4, 4, 4, 4, 4, 4]",4.0,the first is a surface sore which starts off as a red mark .,4.0,-43.1484,-39.476,-41.3535
MOP2,en,"We are really struggling at this point in time , thinking , ‘ What are we doing , what are we about ? ’",18,"[4, 4, 4, 4, 4, 4, 4, 4, 4, 1, 4, 1, 4, 4, 4]",3.6,"we are really struggling at this point in time , thinking , ‘ what are we doing , what are we about ? ’",3.6,-58.4259,-54.4538,-50.0881
MOP2,en,I don't think Chris and the band know each other well enough at the time .,15,"[4, 1, 4, 1, 1, 1, 1, 4, 4, 4, 4, 4, 4, 4]",2.92857142857,i don't think chris and the band know each other well enough at the time .,2.9285714285714284,-45.0434,-38.4184,-37.6606
MOP2,en,"‘ Donna , I said we should call the police .",8,"[4, 4, 4, 4, 4, 4, 4, 4, 4, 4, 4, 4, 4, 4, 4]",4.0,"‘ donna , i said we should call the police .",4.0,-25.9219,-26.9326,-26.8612
MOP2,en,His description of their encounter conforms to the usual descriptions with the general's immense sense of presence and concomitant dramatic side-effects .,21,"[4, 4, 4, 4, 4, 4, 4, 1, 4, 4, 4]",3.72727272727,his description of their encounter conforms to the usual descriptions with the general's immense sense of presence and concomitant dramatic side-effects .,3.727272727272727,-70.5277,-62.6587,-62.4868
MOP2,en,"It likes damp , moist , airless places with a slightly more alkaline pH than is normally found in the vagina ( normally slightly acid ) .",22,"[4, 4, 1, 4, 4, 4, 4, 4, 4, 4, 4, 4]",3.75,"it likes damp , moist , airless places with a slightly more alkaline ph than is normally found in the vagina ( normally slightly acid ) .",3.75,-80.0288,-73.6589,-73.1262
MOP2,en,Bongwater's Ann Magnuson carries the incandescent incense stick for the even ; Kim Gordon's a carcinogenic Zippo on full flame .,19,"[1, 1, 1, 1, 1, 1, 1, 4, 1, 1, 1]",1.27272727273,bongwater's ann magnuson carries the incandescent incense stick for the even ; kim gordon's a carcinogenic zippo on full flame .,1.2727272727272727,-40.3144,-40.4988,-40.1206
MOP2,en,But did you know that the preposterous programme had a ‘ Did you know ’ section that in the currency of football trivia proved rather less fraudulent .,25,"[1, 4, 4, 4, 1, 1, 1, 4, 4, 4, 4, 1]",2.75,but did you know that the preposterous programme had a ‘ did you know ’ section that in the currency of football trivia proved rather less fraudulent .,2.75,-73.897,-64.8895,-66.9058
MOP2,en,"Now that she was looking closely , she realised that most of the rooms in the house had two doors .",19,"[4, 4, 4, 4, 4, 4, 4, 1, 4, 4, 4, 4, 4, 4, 4]",3.8,"now that she was looking closely , she realised that most of the rooms in the house had two doors .",3.8,-48.8736,-43.6841,-43.379
MOP2,en,"If sources of income are not all taxed at equal rates , there is obviously an incentive to convert income into the untaxed form .",23,"[4, 4, 4, 4, 4, 4, 4, 4, 4, 4]",4.0,"if sources of income are not all taxed at equal rates , there is obviously an incentive to convert income into the untaxed form .",4.0,-70.7073,-63.9546,-62.6421
MOP2,en,"They both drank , conscious that it had been a long afternoon , and Shelley at least was thirsty .",17,"[4, 4, 4, 4, 4, 1, 4, 4, 1, 4, 1, 1, 4, 4, 1]",3.0,"they both drank , conscious that it had been a long afternoon , and shelley at least was thirsty .",3.0,-49.573,-43.5785,-43.0571
MOP2,en,"What happens if Bruce or Pallistar gets injured , have they any ( decent ) cover .",13,"[4, 4, 4, 4, 4, 4, 1, 4, 4, 4, 1, 1, 4, 1, 1]",3.0,"what happens if bruce or pallistar gets injured , have they any ( decent ) cover .",3.0,-44.1976,-47.5908,-46.8639
MOP2,en,But with his mother arrested it was now up to him to take charge of the rebellion in Poitou .,19,"[4, 4, 1, 4, 4, 4, 4, 4, 1, 4, 4, 1, 4, 4, 4, 4]",3.4375,but with his mother arrested it was now up to him to take charge of the rebellion in poitou .,3.4375,-52.018,-41.518,-42.9973
MOP2,en,"But who knows , the illustrious Mr Punch may yet ride again at some time in the future .",17,"[1, 4, 4, 4, 4, 1, 4, 4, 4, 4, 4, 4, 4, 4, 4, 4, 4]",3.64705882353,"but who knows , the illustrious mr punch may yet ride again at some time in the future .",3.647058823529412,-51.349,-48.2778,-48.5427
MOP2,en,‘ Could that be pronounced Barry by any chance ? ’,8,"[1, 4, 4, 4, 4, 4, 4, 4, 4, 4, 4]",3.72727272727,‘ could that be pronounced barry by any chance ? ’,3.727272727272727,-24.9847,-27.9381,-27.4145
MOP2,en,He takes to it as a duck takes to water .,10,"[4, 4, 4, 4, 4, 4, 4, 4, 4, 4, 4, 4, 4]",4.0,he takes to it as a duck takes to water .,4.0,-31.5353,-28.9326,-28.7162
MOP2,en,Average household size has decreased from 3.09 in 1961 to 2.55 in 1987 and will continue to decline ( Table 2.6 ) .,20,"[4, 4, 4, 4, 4, 4, 4, 4, 4, 4, 4, 4]",4.0,average household size has decreased from 3.09 in 1961 to 2.55 in 1987 and will continue to decline ( table 2.6 ) .,4.0,-70.3769,-66.7491,-65.6029
MOP2,en,The form by which the dialogue is represented is the one that best fits the mood and subject of the dialogue .,21,"[4, 4, 4, 4, 4, 4, 4, 4, 4, 4, 4, 4, 4, 4, 4]",4.0,the form by which the dialogue is represented is the one that best fits the mood and subject of the dialogue .,4.0,-61.7671,-58.1179,-58.8696
MOP2,en,She had come to England from Berlin in the 1930s and had begun her studies at Central School of Arts and Crafts .,22,"[4, 4, 4, 4, 4, 4, 4, 4, 4, 4, 4, 4]",4.0,she had come to england from berlin in the 1930s and had begun her studies at central school of arts and crafts .,4.0,-50.7146,-44.6842,-45.0028
MOP2,en,‘ I'm tired of hearing complaints from the cook .,8,"[4, 4, 4, 4, 4, 4, 4, 4, 4, 4, 4, 4, 4, 4]",4.0,‘ i'm tired of hearing complaints from the cook .,4.0,-26.8743,-22.2423,-22.0554
MOP2,en,Being one of Prince's chosen women has its drawbacks .,9,"[4, 4, 4, 4, 4, 4, 4, 4, 4, 4, 4, 4, 4, 4, 4]",4.0,being one of prince's chosen women has its drawbacks .,4.0,-23.8316,-22.6065,-22.7583
MOP2,en,"At least Ferdinando now knew a great deal of English , whatever she had said to Pen to make him feel important .",21,"[1, 4, 4, 1, 4, 4, 4, 4, 1, 4, 1, 1, 4, 1, 1]",2.6,"at least ferdinando now knew a great deal of english , whatever she had said to pen to make him feel important .",2.6,-56.1935,-48.1337,-48.8564
MOP2,en,"As though he remembered his manners , he looked an invitation at Nicandra .",12,"[4, 4, 1, 1, 1, 1, 1, 4, 1, 1, 4, 1]",2.0,"as though he remembered his manners , he looked an invitation at nicandra .",2.0,-34.938,-30.9542,-31.5631
MOP2,en,"‘ Act Two — Beginners please , ’ said a tremulous voice from outside the door .",12,"[4, 1, 4, 4, 4, 4, 4, 4, 4, 4, 4, 4, 4]",3.76923076923,"‘ act two — beginners please , ’ said a tremulous voice from outside the door .",3.769230769230769,-38.7678,-39.0507,-38.8957
MOP2,en,Coming and going — there had been too much of that .,10,"[4, 4, 4, 4, 4, 4, 4, 4, 4, 4, 4, 4, 4, 1, 4, 4]",3.8125,coming and going — there had been too much of that .,3.8125,-29.2025,-24.9403,-20.5982
MOP2,en,"Sow seed outdoors In spring , or divide the plants In spring , and allow 60cm ( 2ft ) between plants .",17,"[4, 4, 4, 4, 4, 1, 1, 4, 1, 1, 1, 4, 4, 1, 4]",2.8,"sow seed outdoors in spring , or divide the plants in spring , and allow 60cm ( 2ft ) between plants .",2.8,-58.3643,-58.1477,-57.8353
MOP2,en,"This has now been cut from to 3% 6.7% , but according to chairman Mike Tilbrook , the remaining holding ‘ continues to show a useful paper profit ’ .",25,"[4, 4, 1, 4, 1, 4, 1, 4, 1, 4, 4, 4, 4, 4]",3.14285714286,"this has now been cut from to 3% 6.7% , but according to chairman mike tilbrook , the remaining holding ‘ continues to show a useful paper profit ’ .",3.142857142857143,-74.0978,-68.7978,-67.1399
MOP2,en,Dexter guessed she was starting to share the same nagging sense of depression that had afflicted him since the end of the interview with Parkin .,25,"[4, 4, 4, 4, 4, 4, 4, 4, 4, 4, 4, 4, 4, 4, 4]",4.0,dexter guessed she was starting to share the same nagging sense of depression that had afflicted him since the end of the interview with parkin .,4.0,-72.2271,-63.3344,-63.7526
